A000008	Table[Length[FrobeniusSolve[{1,2,5,10},n]],{n,0,70}] (* _Harvey P. Dale_, Apr 02 2012 *)	[1, 1, 2, 2, 3, 4, 5, 6, 7, 8, 11, 12, 15, 16, 19, 22, 25, 28, 31, 34, 40, 43, 49, 52, 58, 64, 70, 76, 82, 88, 98, 104, 114, 120, 130, 140, 150, 160, 170, 180, 195, 205, 220, 230, 245, 260, 275, 290, 305, 320, 341, 356, 377, 392, 413, 434, 455, 476, 497, 518, 546]
A000015	a[n_] := NestWhile[# + 1 &, n, Not@*PrimePowerQ]; (* _Matthew House_, Jul 14 2015, v6.0+ *)	[1, 2, 3, 4, 5, 7, 7, 8, 9, 11, 11, 13, 13, 16, 16, 16, 17, 19, 19, 23, 23, 23, 23, 25, 25, 27, 27, 29, 29, 31, 31, 32, 37, 37, 37, 37, 37, 41, 41, 41, 41, 43, 43, 47, 47, 47, 47, 49, 49, 53, 53, 53, 53, 59, 59, 59, 59, 59, 59, 61, 61, 64, 64, 64, 67, 67, 67, 71, 71, 71, 71, 73]
A000015	a[ n_] := If[ n < 1, 0, Module[{m = n}, While[ Length[ FactorInteger @ m ] != 1, m++]; m]]; (* _Michael Somos_, Mar 06 2018 *)	[1, 2, 3, 4, 5, 7, 7, 8, 9, 11, 11, 13, 13, 16, 16, 16, 17, 19, 19, 23, 23, 23, 23, 25, 25, 27, 27, 29, 29, 31, 31, 32, 37, 37, 37, 37, 37, 41, 41, 41, 41, 43, 43, 47, 47, 47, 47, 49, 49, 53, 53, 53, 53, 59, 59, 59, 59, 59, 59, 61, 61, 64, 64, 64, 67, 67, 67, 71, 71, 71, 71, 73]
A000071	Fibonacci[Range[40]] - 1 (* or *) LinearRecurrence[{2, 0, -1}, {0, 0, 1}, 40] (* _Harvey P. Dale_, Aug 23 2013 *)	[0, 0, 1, 2, 4, 7, 12, 20, 33, 54, 88, 143, 232, 376, 609, 986, 1596, 2583, 4180, 6764, 10945, 17710, 28656, 46367, 75024, 121392, 196417, 317810, 514228, 832039, 1346268, 2178308, 3524577, 5702886, 9227464, 14930351, 24157816, 39088168]
A000088	Needs["Combinatorica`"]	[1, 1, 2, 4, 11, 34, 156, 1044, 12346, 274668, 12005168, 1018997864, 165091172592, 50502031367952, 29054155657235488, 31426485969804308768, 64001015704527557894928, 245935864153532932683719776, 1787577725145611700547878190848, 24637809253125004524383007491432768]
A000089	Array[ Function[ n, If[ EvenQ[ n ] || Mod[ n, 3 ]==2, 0, Count[ Array[ Mod[ #^2+1, n ]&, n, 0 ], 0 ] ] ], 84 ]	[1, 1, 0, 0, 2, 0, 0, 0, 0, 2, 0, 0, 2, 0, 0, 0, 2, 0, 0, 0, 0, 0, 0, 0, 2, 2, 0, 0, 2, 0, 0, 0, 0, 2, 0, 0, 2, 0, 0, 0, 2, 0, 0, 0, 0, 0, 0, 0, 0, 2, 0, 0, 2, 0, 0, 0, 0, 2, 0, 0, 2, 0, 0, 0, 4, 0, 0, 0, 0, 0, 0, 0, 2, 2, 0, 0, 0, 0, 0, 0, 0, 2, 0, 0, 4, 0, 0, 0, 2, 0, 0, 0, 0, 0, 0, 0, 2, 0, 0, 0, 2, 0, 0, 0, 0]
A000097	Table[Length@IntegerPartitions[n,All,Join[{1,2},Range[n]]],{n,0,15}] (* _Robert Price_, Jul 28 2020 and Jun 21 2021 *)	[1, 2, 5, 9, 17, 28, 47, 73, 114, 170, 253, 365, 525, 738, 1033, 1422, 1948, 2634, 3545, 4721, 6259, 8227, 10767, 13990, 18105, 23286, 29837, 38028, 48297, 61053, 76926, 96524, 120746, 150487, 187019, 231643, 286152, 352413, 432937, 530383, 648245]
A000105	a[n_] := a[n] = Length[ polyominoes[n]];	[1, 1, 1, 2, 5, 12, 35, 108, 369, 1285, 4655, 17073, 63600, 238591, 901971, 3426576, 13079255, 50107909, 192622052, 742624232, 2870671950, 11123060678, 43191857688, 168047007728, 654999700403, 2557227044764, 9999088822075, 39153010938487, 153511100594603]
A000127	Total/@Table[Binomial[n-1,k],{n,50},{k,0,4}] (* or *) LinearRecurrence[ {5,-10,10,-5,1},{1,2,4,8,16},50] (* _Harvey P. Dale_, Aug 24 2011 *)	[1, 2, 4, 8, 16, 31, 57, 99, 163, 256, 386, 562, 794, 1093, 1471, 1941, 2517, 3214, 4048, 5036, 6196, 7547, 9109, 10903, 12951, 15276, 17902, 20854, 24158, 27841, 31931, 36457, 41449, 46938, 52956, 59536, 66712, 74519, 82993, 92171, 102091, 112792, 124314, 136698]
A000197	Table[(n!)!, {n, 0, 5}] (* _Wesley Ivan Hurt_, Jul 14 2014 *)	[1, 1, 2, 720, 620448401733239439360000]
A000210	Table[Floor[n*(E - 1)], {n, 0, 100}] (* _T. D. Noe_, Jan 21 2013 *)	[1, 3, 5, 6, 8, 10, 12, 13, 15, 17, 18, 20, 22, 24, 25, 27, 29, 30, 32, 34, 36, 37, 39, 41, 42, 44, 46, 48, 49, 51, 53, 54, 56, 58, 60, 61, 63, 65, 67, 68, 70, 72, 73, 75, 77, 79, 80, 82, 84, 85, 87, 89, 91, 92, 94, 96, 97, 99, 101, 103, 104, 106, 108, 109, 111, 113, 115, 116]
A000217	Table[Length[Join@@Permutations/@IntegerPartitions[n,{3}]],{n,0,15}] (* _Gus Wiseman_, Oct 28 2020 *)	[0, 1, 3, 6, 10, 15, 21, 28, 36, 45, 55, 66, 78, 91, 105, 120, 136, 153, 171, 190, 210, 231, 253, 276, 300, 325, 351, 378, 406, 435, 465, 496, 528, 561, 595, 630, 666, 703, 741, 780, 820, 861, 903, 946, 990, 1035, 1081, 1128, 1176, 1225, 1275, 1326, 1378, 1431]
A000221	NestList[Plus @@ IntegerDigits[ # ]^2 &, 5, 50]	[5, 25, 29, 85, 89, 145, 42, 20, 4, 16, 37, 58, 89, 145, 42, 20, 4, 16, 37, 58, 89, 145, 42, 20, 4, 16, 37, 58, 89, 145, 42, 20, 4, 16, 37, 58, 89, 145, 42, 20, 4, 16, 37, 58, 89, 145, 42, 20, 4, 16, 37, 58, 89, 145, 42, 20, 4, 16, 37, 58, 89, 145, 42, 20, 4, 16, 37, 58, 89, 145]
A000221	PadRight[{5,25,29,85},120,{4,16,37,58,89,145,42,20}] (* _Harvey P. Dale_, Jan 14 2022 *)	[5, 25, 29, 85, 89, 145, 42, 20, 4, 16, 37, 58, 89, 145, 42, 20, 4, 16, 37, 58, 89, 145, 42, 20, 4, 16, 37, 58, 89, 145, 42, 20, 4, 16, 37, 58, 89, 145, 42, 20, 4, 16, 37, 58, 89, 145, 42, 20, 4, 16, 37, 58, 89, 145, 42, 20, 4, 16, 37, 58, 89, 145, 42, 20, 4, 16, 37, 58, 89, 145]
A000233	Table[rowA235605[n, 1][[2]], {n, 50}] (* see A235605 *) (* _Matthew House_, Oct 05 2024 *)	[1, 3, 8, 16, 30, 46, 64, 96, 126, 158, 216, 256, 302, 396, 448, 512, 636, 702, 792, 960, 1052, 1118, 1344, 1472, 1550, 1866, 1944, 2048, 2442, 2540, 2688, 3072, 3212, 3388, 3888, 4032, 4094, 4746, 4928, 5056, 5832, 5852, 5976, 6912, 7020, 7180, 8064, 8192]
A000285	LinearRecurrence[{1,1},{1,4},40] (* or *) Table[(3*LucasL[n]- Fibonacci[n])/2,{n,40}] (* _Harvey P. Dale_, Jul 18 2011 *)	[1, 4, 5, 9, 14, 23, 37, 60, 97, 157, 254, 411, 665, 1076, 1741, 2817, 4558, 7375, 11933, 19308, 31241, 50549, 81790, 132339, 214129, 346468, 560597, 907065, 1467662, 2374727, 3842389, 6217116, 10059505, 16276621, 26336126, 42612747, 68948873, 111561620, 180510493, 292072113, 472582606]
A000293	Table[Length[solidPtns[n]],{n,10}] (* _Gus Wiseman_, Jan 23 2019 *)	[1, 1, 4, 10, 26, 59, 140, 307, 684, 1464, 3122, 6500, 13426, 27248, 54804, 108802, 214071, 416849, 805124, 1541637, 2930329, 5528733, 10362312, 19295226, 35713454, 65715094, 120256653, 218893580, 396418699, 714399381, 1281403841, 2287986987, 4067428375, 7200210523, 12693890803, 22290727268, 38993410516, 67959010130, 118016656268, 204233654229, 352245710866, 605538866862, 1037668522922, 1772700955975, 3019333854177, 5127694484375, 8683676638832, 14665233966068, 24700752691832, 41495176877972, 69531305679518]
A000311	Table[Length[mtot[Range[n]]],{n,0,6}] (* _Gus Wiseman_, Dec 28 2019 *)	[0, 1, 1, 4, 26, 236, 2752, 39208, 660032, 12818912, 282137824, 6939897856, 188666182784, 5617349020544, 181790703209728, 6353726042486272, 238513970965257728, 9571020586419012608, 408837905660444010496, 18522305410364986906624]
A000331	a[n_] := Coefficient[Phi2n[n, x], x, 1];	[5, 14, 1026, 4324, 311387, 6425694, 579783114, 4028104212, 7315072725560, 61358264615344, 9569450876916944, 1632353370882506848, 1365475358484643531856, 15211641461623992544160, 74766806258361827981250240, 936580261005146914634459520, 6083678228249789825160175706880, 1936651082361926268672618636234240, 688115696843061332335070140230720000, 10517068622936239459488783307672335360, 2913914903970372007778735454555848514846720]
A000334	Table[Length[levptns[n,4]],{n,8}] (* _Gus Wiseman_, Jan 24 2019 *)	[1, 5, 15, 45, 120, 326, 835, 2145, 5345, 13220, 32068, 76965, 181975, 425490, 982615, 2245444, 5077090, 11371250, 25235790, 55536870, 121250185, 262769080, 565502405, 1209096875, 2569270050, 5427963902, 11404408525, 23836421895, 49573316740, 102610460240]
A000344	a[ n_] := If[ n < 0, 0, 5 Binomial[2 n, n - 2] / (n + 3)]; (* _Michael Somos_, May 28 2014 *)	[1, 5, 20, 75, 275, 1001, 3640, 13260, 48450, 177650, 653752, 2414425, 8947575, 33266625, 124062000, 463991880, 1739969550, 6541168950, 24647883000, 93078189750, 352207870014, 1335293573130, 5071418015120, 19293438101000, 73514652074500, 280531912316292]
A000374	Table[Length[FactorList[x^n - 1, Modulus -> 2]] - 1, {n, 100}]	[1, 1, 2, 1, 2, 2, 3, 1, 3, 2, 2, 2, 2, 3, 5, 1, 3, 3, 2, 2, 6, 2, 3, 2, 3, 2, 4, 3, 2, 5, 7, 1, 5, 3, 6, 3, 2, 2, 5, 2, 3, 6, 4, 2, 8, 3, 3, 2, 5, 3, 8, 2, 2, 4, 5, 3, 5, 2, 2, 5, 2, 7, 13, 1, 7, 5, 2, 3, 6, 6, 3, 3, 9, 2, 8, 2, 6, 5, 3, 2, 5, 3, 2, 6, 12, 4, 5, 2, 9, 8, 10, 3, 14, 3, 5, 2, 3, 5, 8, 3]
A000389	Table[Binomial[n, 5], {n, 5, 50}] (* _Stefan Steinerberger_, Apr 02 2006 *)	[0, 0, 0, 0, 0, 1, 6, 21, 56, 126, 252, 462, 792, 1287, 2002, 3003, 4368, 6188, 8568, 11628, 15504, 20349, 26334, 33649, 42504, 53130, 65780, 80730, 98280, 118755, 142506, 169911, 201376, 237336, 278256, 324632, 376992, 435897, 501942, 575757, 658008, 749398]
A000390	Table[levptns[n, 5] // Length, {n, 1, 7}] (* _Robert P. P. McKone_, Dec 18 2020 *)	[1, 6, 21, 71, 216, 657, 1907, 5507, 15522, 43352, 119140, 323946, 869476, 2308071, 6056581, 15724170, 40393693, 102736274, 258790004, 645968054, 1598460229, 3923114261, 9554122089, 23098084695, 55458417125, 132293945737, 313657570114]
A000399	a=Log[1/(1-x)];Range[0,20]! CoefficientList[Series[a^3/3!,{x,0,20}],x]	[1, 6, 35, 225, 1624, 13132, 118124, 1172700, 12753576, 150917976, 1931559552, 26596717056, 392156797824, 6165817614720, 102992244837120, 1821602444624640, 34012249593822720, 668609730341153280, 13803759753640704000]
A000404	Module[{upto=200},Select[Union[Total/@Tuples[Range[Sqrt[upto]]^2,2]],#<= upto&]] (* _Harvey P. Dale_, Sep 18 2021 *)	[2, 5, 8, 10, 13, 17, 18, 20, 25, 26, 29, 32, 34, 37, 40, 41, 45, 50, 52, 53, 58, 61, 65, 68, 72, 73, 74, 80, 82, 85, 89, 90, 97, 98, 100, 101, 104, 106, 109, 113, 116, 117, 122, 125, 128, 130, 136, 137, 145, 146, 148, 149, 153, 157, 160, 162, 164, 169, 170, 173, 178]
A000453	t={}; Do[f=StirlingS2[n, 4]; AppendTo[t, f], {n, 120}]; t (* _Vladimir Joseph Stephan Orlovsky_, Sep 27 2008 *)	[1, 10, 65, 350, 1701, 7770, 34105, 145750, 611501, 2532530, 10391745, 42355950, 171798901, 694337290, 2798806985, 11259666950, 45232115901, 181509070050, 727778623825, 2916342574750, 11681056634501, 46771289738810, 187226356946265, 749329038535350]
A000463	Array[{#, #^2} &, 36, 0] // Flatten	[1, 1, 2, 4, 3, 9, 4, 16, 5, 25, 6, 36, 7, 49, 8, 64, 9, 81, 10, 100, 11, 121, 12, 144, 13, 169, 14, 196, 15, 225, 16, 256, 17, 289, 18, 324, 19, 361, 20, 400, 21, 441, 22, 484, 23, 529, 24, 576, 25, 625, 26, 676, 27, 729, 28, 784, 29, 841, 30, 900, 31, 961, 32, 1024, 33, 1089, 34, 1156, 35, 1225, 36, 1296]
A000469	lst={}; Do[If[SquareFreeQ[n], If[ !PrimeQ[n], AppendTo[lst,n]]], {n,200}]; lst (* _Vladimir Joseph Stephan Orlovsky_, Jan 20 2009 *)	[1, 6, 10, 14, 15, 21, 22, 26, 30, 33, 34, 35, 38, 39, 42, 46, 51, 55, 57, 58, 62, 65, 66, 69, 70, 74, 77, 78, 82, 85, 86, 87, 91, 93, 94, 95, 102, 105, 106, 110, 111, 114, 115, 118, 119, 122, 123, 129, 130, 133, 134, 138, 141, 142, 143, 145, 146, 154, 155, 158]
A000469	With[{upto=200},Complement[Select[Range[upto],SquareFreeQ],Prime[ Range[ PrimePi[ upto]]]]] (* _Harvey P. Dale_, Oct 01 2011 *)	[1, 6, 10, 14, 15, 21, 22, 26, 30, 33, 34, 35, 38, 39, 42, 46, 51, 55, 57, 58, 62, 65, 66, 69, 70, 74, 77, 78, 82, 85, 86, 87, 91, 93, 94, 95, 102, 105, 106, 110, 111, 114, 115, 118, 119, 122, 123, 129, 130, 133, 134, 138, 141, 142, 143, 145, 146, 154, 155, 158]
A000469	Select[Range[200], !PrimeQ[#] && PrimeOmega[#] == PrimeNu[#] &] (* _Carlos Eduardo Olivieri_, Aug 06 2015 *)	[1, 6, 10, 14, 15, 21, 22, 26, 30, 33, 34, 35, 38, 39, 42, 46, 51, 55, 57, 58, 62, 65, 66, 69, 70, 74, 77, 78, 82, 85, 86, 87, 91, 93, 94, 95, 102, 105, 106, 110, 111, 114, 115, 118, 119, 122, 123, 129, 130, 133, 134, 138, 141, 142, 143, 145, 146, 154, 155, 158]
A000478	Table[(1+n+n^2)/2-(1/2+n/4)*2^n+3^n/6,{n,6,30}] (* or *) LinearRecurrence[ {10,-40,82,-91,52,-12},{15,105,490,1918,6825,22935},25] (* _Harvey P. Dale_, Jul 17 2011 *)	[15, 105, 490, 1918, 6825, 22935, 74316, 235092, 731731, 2252341, 6879678, 20900922, 63259533, 190957923, 575363776, 1731333808, 5205011031, 15638101281, 46962537810, 140988276150, 423174543025, 1269959836015, 3810785476980, 11434235478348, 34306598748315, 102927849307725]
A000558	a[n_] := Sum[StirlingS2[n, k] (2^(k-1)-1), {k, 0, n}];	[1, 6, 32, 175, 1012, 6230, 40819, 283944, 2090424, 16235417, 132609666, 1135846062, 10175352709, 95108406130, 925496853980, 9357279554071, 98118527430960, 1065259283215810, 11956366813630835, 138539436100687988, 1655071323662574756, 20361556640795422729]
A000568	a[n_] := a[n] = (s = 0; Do[If[oddp[p] == 1, s += permcount[p]*2^edges[p]], {p, IntegerPartitions[n]}]; s/n!);	[1, 1, 1, 2, 4, 12, 56, 456, 6880, 191536, 9733056, 903753248, 154108311168, 48542114686912, 28401423719122304, 31021002160355166848, 63530415842308265100288, 244912778438520759443245824, 1783398846284777975419600287232, 24605641171260376770598003978281472]
A000569	<< MathWorld`Graphs`	[1, 2, 5, 9, 17, 31, 54, 90, 151, 244, 387, 607, 933, 1420, 2136, 3173, 4657, 6799, 9803, 14048, 19956, 28179, 39467, 54996, 76104, 104802, 143481, 195485, 264941, 357635, 480408, 642723, 856398, 1136715, 1503172, 1980785]
A000569	Table[Count[RealizeDegreeSequence /@ Partitions[n], _Graph], {n, 2, 20, 2}]	[1, 2, 5, 9, 17, 31, 54, 90, 151, 244, 387, 607, 933, 1420, 2136, 3173, 4657, 6799, 9803, 14048, 19956, 28179, 39467, 54996, 76104, 104802, 143481, 195485, 264941, 357635, 480408, 642723, 856398, 1136715, 1503172, 1980785]
A000569	Table[Length[Select[strnorm[2*n],Select[prptns[#],UnsameQ@@#&]!={}&]],{n,6}] (* _Gus Wiseman_, Oct 26 2018 *)	[1, 2, 5, 9, 17, 31, 54, 90, 151, 244, 387, 607, 933, 1420, 2136, 3173, 4657, 6799, 9803, 14048, 19956, 28179, 39467, 54996, 76104, 104802, 143481, 195485, 264941, 357635, 480408, 642723, 856398, 1136715, 1503172, 1980785]
A000579	Table[Binomial[n, 6], {n, 6, 50}] (* _Stefan Steinerberger_, Apr 02 2006 *)	[0, 0, 0, 0, 0, 0, 1, 7, 28, 84, 210, 462, 924, 1716, 3003, 5005, 8008, 12376, 18564, 27132, 38760, 54264, 74613, 100947, 134596, 177100, 230230, 296010, 376740, 475020, 593775, 736281, 906192, 1107568, 1344904, 1623160, 1947792, 2324784, 2760681, 3262623]
A000598	m = 45; gf[_] = 0; Do[gf[z_] = 1 + z*(gf[z]^3/6 + gf[z^2]*gf[z]/2 + gf[z^3]/3) + O[z]^m // Normal, m]; CoefficientList[gf[z], z]  (* _Jean-François Alcover_, Sep 23 2014, updated Jan 11 2018 *)	[1, 1, 1, 2, 4, 8, 17, 39, 89, 211, 507, 1238, 3057, 7639, 19241, 48865, 124906, 321198, 830219, 2156010, 5622109, 14715813, 38649152, 101821927, 269010485, 712566567, 1891993344, 5034704828, 13425117806, 35866550869, 95991365288, 257332864506, 690928354105]
A000625	terms = 32; A[_] = 0; Do[A[x_] = Normal[1 + x*(A[x]^3 + 2*A[x^3])/3 + O[x]^terms], terms]; CoefficientList[A[x], x] (* _Jean-François Alcover_, Apr 22 2016, updated Jan 11 2018 *)	[1, 1, 1, 2, 5, 11, 28, 74, 199, 551, 1553, 4436, 12832, 37496, 110500, 328092, 980491, 2946889, 8901891, 27012286, 82300275, 251670563, 772160922, 2376294040, 7333282754, 22688455980, 70361242924, 218679264772, 681018679604, 2124842137550, 6641338630714, 20792003301836]
A000664	<< Combinatorica`; Table[Coefficient[GraphPolynomial[2 n, x], x, n], {n, 0, 10}] (* _Eric W. Weisstein_, Oct 30 2017 *)	[1, 1, 2, 5, 11, 26, 68, 177, 497, 1476, 4613, 15216, 52944, 193367, 740226, 2960520, 12334829, 53394755, 239544624, 1111261697, 5320103252, 26237509076, 133087001869, 693339241737, 3705135967663, 20286965943329, 113694201046379, 651571521170323, 3815204365835840, 22806847476040913, 139088381010541237, 864777487052916454]
A000695	Table[FromDigits[Riffle[IntegerDigits[n, 2], 0], 2], {n, 0, 51}] (* _Jacob A. Siehler_, Jun 30 2010 *)	[0, 1, 4, 5, 16, 17, 20, 21, 64, 65, 68, 69, 80, 81, 84, 85, 256, 257, 260, 261, 272, 273, 276, 277, 320, 321, 324, 325, 336, 337, 340, 341, 1024, 1025, 1028, 1029, 1040, 1041, 1044, 1045, 1088, 1089, 1092, 1093, 1104, 1105, 1108, 1109, 1280, 1281, 1284, 1285]
A000700	Table[Length[p[n]], {n, 0, 20}] (* A000700(n), n >= 0 *)	[1, 1, 0, 1, 1, 1, 1, 1, 2, 2, 2, 2, 3, 3, 3, 4, 5, 5, 5, 6, 7, 8, 8, 9, 11, 12, 12, 14, 16, 17, 18, 20, 23, 25, 26, 29, 33, 35, 37, 41, 46, 49, 52, 57, 63, 68, 72, 78, 87, 93, 98, 107, 117, 125, 133, 144, 157, 168, 178, 192, 209, 223, 236, 255, 276, 294, 312, 335, 361, 385]
A000700	Table[Length[s[n]], {n, 1, 20}]  (* A000700(n), n >= 1 *)	[1, 1, 0, 1, 1, 1, 1, 1, 2, 2, 2, 2, 3, 3, 3, 4, 5, 5, 5, 6, 7, 8, 8, 9, 11, 12, 12, 14, 16, 17, 18, 20, 23, 25, 26, 29, 33, 35, 37, 41, 46, 49, 52, 57, 63, 68, 72, 78, 87, 93, 98, 107, 117, 125, 133, 144, 157, 168, 178, 192, 209, 223, 236, 255, 276, 294, 312, 335, 361, 385]
A000708	nmax = 22; ee = Table[2^n*EulerE[n, 1] + EulerE[n], {n, 0, nmax+1}]; dd = Table[Differences[ee, n][[1]] // Abs, {n, 0, nmax+1}]; a[n_] := dd[[n+2]] - 2dd[[n+1]]; a[0] = -1; Table[a[n], {n, 0, nmax}] (* _Jean-François Alcover_, Feb 10 2016, after _Paul Curtz_ *)	[-1, -1, 0, 1, 6, 29, 150, 841, 5166, 34649, 252750, 1995181, 16962726, 154624469, 1505035350, 15583997521, 171082318686, 1985148989489, 24279125761950, 312193418011861, 4210755676649046, 59445878286889709, 876726137720576550, 13483686390543382201]
A000712	Table[Count[Partitions[2*n], q_ /; Tr[(-1)^Mod[Flatten[Position[q, _?OddQ]], 2]] === 0], {n, 12}] (* _Wouter Meeussen_, Apr 17 2013 *)	[1, 2, 5, 10, 20, 36, 65, 110, 185, 300, 481, 752, 1165, 1770, 2665, 3956, 5822, 8470, 12230, 17490, 24842, 35002, 49010, 68150, 94235, 129512, 177087, 240840, 326015, 439190, 589128, 786814, 1046705, 1386930, 1831065, 2408658, 3157789, 4126070, 5374390]
A000712	Table[Length@IntegerPartitions[n, All, Range@n~Join~Range@n], {n, 0, 15}] (* _Robert Price_, Jun 15 2020 *)	[1, 2, 5, 10, 20, 36, 65, 110, 185, 300, 481, 752, 1165, 1770, 2665, 3956, 5822, 8470, 12230, 17490, 24842, 35002, 49010, 68150, 94235, 129512, 177087, 240840, 326015, 439190, 589128, 786814, 1046705, 1386930, 1831065, 2408658, 3157789, 4126070, 5374390]
A000733	t[n_, 0] := If[n == 0, 1, PartitionsP[n-1]]; t[n_, k_] := t[n, k] = t[n, k - 1] + t[n-1, n-k]; a[n_] := t[n, n]; Array[a, 30, 0] (* _Jean-François Alcover_, Feb 12 2016 *)	[1, 2, 4, 10, 30, 101, 394, 1760, 8970, 51368, 326991, 2289669, 17491625, 144760655, 1290204758, 12320541392, 125496010615, 1358185050788, 15563654383395, 188254471337718, 2396930376564860, 32044598671291610]
A000734	t[n_, 0] := If[n == 0, 1, 2^(n-1)]; t[n_, k_] := t[n, k] = t[n, k-1] + t[n - 1, n-k]; a[n_] := t[n, n]; Array[a, 30, 0] (* _Jean-François Alcover_, Feb 12 2016 *)	[1, 2, 5, 15, 49, 177, 715, 3255, 16689, 95777, 609875, 4270695, 32624329, 269995377, 2406363835, 22979029335, 234062319969, 2533147494977, 29027730898595, 351112918079175, 4470508510495609, 59766296291090577]
A000736	t[n_, 0] := If[n == 0, 1, CatalanNumber[n - 1]]; t[n_, k_] := t[n, k] = t[n, k-1] + t[n-1, n-k]; a[n_] := t[n, n]; Array[a, 30, 0] (* _Jean-François Alcover_, Feb 12 2016 *)	[1, 2, 4, 10, 32, 120, 513, 2455, 13040, 76440, 492231, 3465163, 26530503, 219754535, 1959181266, 18710532565, 190588702776, 2062664376064, 23636408157551, 285900639990875, 3640199365715769, 48665876423760247]
A000737	t[n_, 0] := n + 1; t[n_, k_] := t[n, k] = t[n, k - 1] + t[n - 1, n - k]; a[n_] := t[n, n]; Array[a, 30, 0] (* _Jean-François Alcover_, Feb 12 2016 *)	[1, 3, 8, 21, 60, 197, 756, 3367, 17136, 98153, 624804, 4375283, 33424512, 276622829, 2465449252, 23543304919, 239810132288, 2595353815825, 29740563986500, 359735190398875, 4580290700420064, 61233976084442741]
A000738	t[n_, 0] := Fibonacci[n]; t[n_, k_] := t[n, k] = t[n, k-1] + t[n-1, n-k]; a[n_] := t[n, n]; Array[a, 30, 0] (* _Jean-François Alcover_, Feb 12 2016 *)	[0, 1, 3, 8, 25, 85, 334, 1497, 7635, 43738, 278415, 1949531, 14893000, 123254221, 1098523231, 10490117340, 106851450165, 1156403632189, 13251409502982, 160286076269309, 2040825708462175, 27283829950774822, 382127363497453243, 5595206208670390323]
A000745	t[n_, 0] := (n + 1)^2; t[n_, k_] := t[n, k] = t[n, k - 1] + t[n - 1, n - k]; a[n_] := t[n, n]; Array[a, 30, 0] (* _Jean-François Alcover_, Feb 12 2016 *)	[1, 5, 18, 57, 180, 617, 2400, 10717, 54544, 312353, 1988104, 13921501, 106350816, 880162337, 7844596536, 74910367309, 763030711936, 8257927397569, 94628877364936, 1144609672707741, 14573622985067744, 194834987492011649, 2728787718495477144, 39955604972310966797]
A000746	t[n_, 0] := (n + 1) (n + 2)/2; t[n_, k_] := t[n, k] = t[n, k - 1] + t[n - 1, n - k]; a[n_] := t[n, n]; Array[a, 30, 0] (* _Jean-François Alcover_, Feb 12 2016 *)	[1, 4, 13, 39, 120, 407, 1578, 7042, 35840, 205253, 1306454, 9148392, 69887664, 578392583, 5155022894, 49226836114, 501420422112, 5426640606697, 62184720675718, 752172431553308, 9576956842743904, 128034481788227195]
A000747	t[n_, 0] := Prime[n+1]; t[n_, k_] := t[n, k] = t[n, k-1] + t[n-1, n-k]; a[n_] := t[n, n]; Array[a, 30, 0] (* _Jean-François Alcover_, Feb 12 2016 *)	[2, 5, 13, 35, 103, 345, 1325, 5911, 30067, 172237, 1096319, 7677155, 58648421, 485377457, 4326008691, 41310343279, 420783672791, 4553946567241, 52184383350787, 631210595896453, 8036822912123765, 107444407853010597, 1504827158220643895, 22034062627659931905]
A000751	t[n_, 0] := PartitionsP[n]; t[n_, k_] := t[n, k] = t[n, k - 1] + t[n - 1, n - k]; a[n_] := t[n, n]; Array[a, 30, 0] (* _Jean-François Alcover_, Feb 12 2016 *)	[1, 2, 5, 14, 42, 143, 555, 2485, 12649, 72463, 461207, 3229622, 24671899, 204185616, 1819837153, 17378165240, 177012514388, 1915724368181, 21952583954117, 265533531724484, 3380877926676504, 45199008472762756]
A000752	t[n_, 0] := 2^n; t[n_, k_] := t[n, k] = t[n, k - 1] + t[n - 1, n - k]; a[n_] := t[n, n]; Array[a, 30, 0] (* _Jean-François Alcover_, Feb 12 2016 *)	[1, 3, 9, 28, 93, 338, 1369, 6238, 31993, 183618, 1169229, 8187598, 62545893, 517622498, 4613366689, 44054301358, 448733127793, 4856429646978, 55650582121749, 673136951045518, 8570645832753693, 114581094529057058, 1604780986816602409, 23497612049668468078]
A000754	t[n_, 0] := 2n + 1; t[n_, k_] := t[n, k] = t[n, k - 1] + t[n - 1, n - k]; a[n_] := t[n, n]; Array[a, 30, 0] (* _Jean-François Alcover_, Feb 12 2016 *)	[1, 4, 12, 33, 96, 317, 1218, 5425, 27608, 158129, 1006574, 7048657, 53847420, 445643681, 3971876930, 37928628529, 386337833232, 4181155148673, 47912508680086, 579538956964241, 7378919177090244, 98648882783190305]
A000756	t[n_, 0] := If[n < 2, 1, 0]; t[n_, k_] := t[n, k] = t[n, k - 1] + t[n - 1, n - k]; a[n_] := t[n, n]; Array[a, 30, 0] (* _Jean-François Alcover_, Feb 12 2016 *)	[1, 2, 3, 5, 13, 41, 157, 699, 3561, 20401, 129881, 909523, 6948269, 57504201, 512516565, 4894172027, 49851629137, 539521049441, 6182455849009, 74781598946211, 952148890494165, 12729293006112121, 178281831561868013]
A000764	t[n_, 0] := BellB[n]; t[n_, k_] := t[n, k] = t[n, k - 1] + t[n - 1, n - k]; a[n_] := t[n, n]; Array[a, 30, 0] (* _Jean-François Alcover_, Feb 12 2016 *)	[1, 2, 5, 16, 60, 258, 1247, 6686, 39371, 252688, 1756920, 13168178, 105949517, 911834394, 8367625793, 81642384468, 844718036940, 9245285569526, 106790005796627, 1298920385093126, 16602066548692623]
A000776	Table[-Coefficient[CharacteristicPolynomial[Array[KroneckerDelta[#1, #2] (((#1)) - 1) + 1 &, {n, n}], x], x], {n, 1, 10}] (* _John M. Campbell_, May 23 2011 *)	[1, 3, 8, 28, 124, 668, 4248, 31176, 259488, 2416032, 24886080, 281004480, 3451887360, 45832538880, 654109585920, 9986000371200, 162391354675200, 2802498609254400, 51156349822771200, 984775394044108800, 19938798081699840000, 423580563732049920000]
A000796	RealDigits[ N[ Pi, 105]] [[1]]	[3, 1, 4, 1, 5, 9, 2, 6, 5, 3, 5, 8, 9, 7, 9, 3, 2, 3, 8, 4, 6, 2, 6, 4, 3, 3, 8, 3, 2, 7, 9, 5, 0, 2, 8, 8, 4, 1, 9, 7, 1, 6, 9, 3, 9, 9, 3, 7, 5, 1, 0, 5, 8, 2, 0, 9, 7, 4, 9, 4, 4, 5, 9, 2, 3, 0, 7, 8, 1, 6, 4, 0, 6, 2, 8, 6, 2, 0, 8, 9, 9, 8, 6, 2, 8, 0, 3, 4, 8, 2, 5, 3, 4, 2, 1, 1, 7, 0, 6, 7, 9, 8, 2, 1, 4]
A000838	a[ n_] := If[ n < 1, 0, 2^(2^(n + 1) - 2 - n) + 2^2^n - 2^(2^n - n)]; (* _Michael Somos_, Aug 17 2015 *)	[4, 28, 2272, 67170304, 144115192236605440, 1329227995784915891062320757838184448, 226156424291633194186662080095093570363541849729447858357132587076662853632]
A000883	Table[(4^(2^n)-4*2^(2^n)+8*2^n+10*2^(n+2^n))/(24*2^n),{n,0,11}] (* _Vincenzo Librandi_, Mar 28 2012 *)	[2, 9, 443, 11211435, 24019199779842731, 221537999297485986455406144733751979, 37692737381938865697777013349182261812327566685142592258699083037385861803]
A000884	Table[(224*2^(2^n)+42*4^(2^n)+8^(2^n)+448*2^(n+2^(n-1))+92*2^(n+2^n+2^(n-1))+384*2^n+168*2^(n+2^n)-448*2^(2^(n-1))-92*2^(2^n+2^(n-1)))/(1344*2^n),{n,1,11}] (* _Vincenzo Librandi_, Mar 28 2012 *)	[2, 10, 2104, 13098898366, 1842172695541070949024622, 72975978136470898183217648961745628914523492408810350]
A000925	SquareQ[n_] := IntegerQ[Sqrt[n]]; Table[Count[FrobeniusSolve[{1, 1}, n], {__?SquareQ}], {n, 0, 100}] (* _Robert G. Wilson v_, Apr 15 2017 *)	[1, 2, 1, 0, 2, 2, 0, 0, 1, 2, 2, 0, 0, 2, 0, 0, 2, 2, 1, 0, 2, 0, 0, 0, 0, 4, 2, 0, 0, 2, 0, 0, 1, 0, 2, 0, 2, 2, 0, 0, 2, 2, 0, 0, 0, 2, 0, 0, 0, 2, 3, 0, 2, 2, 0, 0, 0, 0, 2, 0, 0, 2, 0, 0, 2, 4, 0, 0, 2, 0, 0, 0, 1, 2, 2, 0, 0, 0, 0, 0, 2, 2, 2, 0, 0, 4, 0, 0, 0, 2, 2, 0, 0, 0, 0, 0, 0, 2, 1, 0, 4]
A000943	a[ n_ ] := 2^Floor[ n/2 ]-Floor[ (n+4)/2 ]+(1/(4*(n+3)))*Plus@@Map[ EulerPhi[ # ]*2^((n+3)/#)&, Select[ Divisors[ n+3 ], OddQ ] ]	[1, 2, 5, 8, 18, 29, 57, 96, 183, 318, 604, 1080, 2047, 3762, 7145, 13354, 25471, 48164, 92193, 175780, 337581, 647313, 1246849, 2400828, 4636375, 8956045, 17334785, 33570800, 65108045, 126355319, 245492226, 477284164, 928772631, 1808538336]
A000977	Select[Range[300], PrimeNu[#] >= 3 &] (* _Paolo Xausa_, Mar 28 2024 *)	[30, 42, 60, 66, 70, 78, 84, 90, 102, 105, 110, 114, 120, 126, 130, 132, 138, 140, 150, 154, 156, 165, 168, 170, 174, 180, 182, 186, 190, 195, 198, 204, 210, 220, 222, 228, 230, 231, 234, 238, 240, 246, 252, 255, 258, 260, 264, 266, 270, 273, 276, 280, 282, 285]
A000989	p=3; Array[ If[ Mod[ bi=Binomial[ 2#, # ], p ]==0, Select[ FactorInteger[ bi ], Function[ q, q[ [ 1 ] ]==p ], 1 ][ [ 1, 2 ] ], 0 ]&, 27*3, 0 ]	[0, 0, 1, 0, 0, 2, 1, 1, 2, 0, 0, 1, 0, 0, 3, 2, 2, 3, 1, 1, 2, 1, 1, 3, 2, 2, 3, 0, 0, 1, 0, 0, 2, 1, 1, 2, 0, 0, 1, 0, 0, 4, 3, 3, 4, 2, 2, 3, 2, 2, 4, 3, 3, 4, 1, 1, 2, 1, 1, 3, 2, 2, 3, 1, 1, 2, 1, 1, 4, 3, 3, 4, 2, 2, 3, 2, 2, 4, 3, 3]
A001006	a[0] = 1; a[n_Integer] := a[n] = a[n - 1] + Sum[a[k] * a[n - 2 - k], {k, 0, n - 2}]; Array[a, 30]	[1, 1, 2, 4, 9, 21, 51, 127, 323, 835, 2188, 5798, 15511, 41835, 113634, 310572, 853467, 2356779, 6536382, 18199284, 50852019, 142547559, 400763223, 1129760415, 3192727797, 9043402501, 25669818476, 73007772802, 208023278209, 593742784829, 1697385471211]
A001006	Table[GegenbauerC[n,-n-1,-1/2]/(n+1),{n,0,100}] (* _Emanuele Munarini_, Oct 20 2016 *)	[1, 1, 2, 4, 9, 21, 51, 127, 323, 835, 2188, 5798, 15511, 41835, 113634, 310572, 853467, 2356779, 6536382, 18199284, 50852019, 142547559, 400763223, 1129760415, 3192727797, 9043402501, 25669818476, 73007772802, 208023278209, 593742784829, 1697385471211]
A001063	nmax=20; b = ConstantArray[0,nmax+2]; b[[1]]=1; Do[b[[n+2]] = Sum[n!/k!*Binomial[n-1,k-1]*b[[k+1]],{k,0,n}],{n,0,nmax}]; b (* _Vaclav Kotesovec_, Mar 02 2014 *)	[1, 1, 1, 3, 15, 111, 1131, 15081, 253473, 5220225, 128886921, 3749014251, 126648293391, 4909623331023, 216189866951235, 10718939718977121, 593865369943409601, 36520856568972350721, 2478236630512178688273, 184588566642520989171795, 15020141103053997234030351]
A001069	f[n_] := Length@ NestWhileList[ Log[2, #] &, n, # >= 2 &] - 1; Array[f, 105] (* _Robert G. Wilson v_, Apr 19 2012 *)	[0, 1, 1, 2, 2, 2, 2, 2, 2, 2, 2, 2, 2, 2, 2, 3, 3, 3, 3, 3, 3, 3, 3, 3, 3, 3, 3, 3, 3, 3, 3, 3, 3, 3, 3, 3, 3, 3, 3, 3, 3, 3, 3, 3, 3, 3, 3, 3, 3, 3, 3, 3, 3, 3, 3, 3, 3, 3, 3, 3, 3, 3, 3, 3, 3, 3, 3, 3, 3, 3, 3, 3, 3, 3, 3, 3, 3, 3, 3, 3, 3, 3, 3, 3, 3, 3, 3]
A001110	Table[(1/8) Round[N[Sinh[2 n ArcSinh[1]]^2, 100]], {n, 0, 20}] (* _Artur Jasinski_, Feb 10 2010 *)	[0, 1, 36, 1225, 41616, 1413721, 48024900, 1631432881, 55420693056, 1882672131025, 63955431761796, 2172602007770041, 73804512832419600, 2507180834294496361, 85170343853180456676, 2893284510173841030625, 98286503002057414584576, 3338847817559778254844961, 113422539294030403250144100]
A001122	Select[ Prime@Range@200, PrimitiveRoot@# == 2 &] (* _Robert G. Wilson v_, May 11 2001 *)	[3, 5, 11, 13, 19, 29, 37, 53, 59, 61, 67, 83, 101, 107, 131, 139, 149, 163, 173, 179, 181, 197, 211, 227, 269, 293, 317, 347, 349, 373, 379, 389, 419, 421, 443, 461, 467, 491, 509, 523, 541, 547, 557, 563, 587, 613, 619, 653, 659, 661, 677, 701, 709, 757, 773, 787, 797]
A001122	pr = 2; Select[Prime[Range[200]], MultiplicativeOrder[pr, # ] == # - 1 &] (* _N. J. A. Sloane_, Jun 01 2010 *)	[3, 5, 11, 13, 19, 29, 37, 53, 59, 61, 67, 83, 101, 107, 131, 139, 149, 163, 173, 179, 181, 197, 211, 227, 269, 293, 317, 347, 349, 373, 379, 389, 419, 421, 443, 461, 467, 491, 509, 523, 541, 547, 557, 563, 587, 613, 619, 653, 659, 661, 677, 701, 709, 757, 773, 787, 797]
A001123	Select[ Prime@Range@200, PrimitiveRoot@# == 3 &] (* _Robert G. Wilson v_, May 11 2001 *)	[7, 17, 31, 43, 79, 89, 113, 127, 137, 199, 223, 233, 257, 281, 283, 331, 353, 401, 449, 463, 487, 521, 569, 571, 593, 607, 617, 631, 641, 691, 739, 751, 809, 811, 823, 857, 881, 929, 953, 977, 1013, 1039, 1049, 1063, 1087, 1097, 1193, 1217]
A001124	<< NumberTheory`NumberTheoryFunctions`; Prime[ Select[ Range[200], PrimitiveRoot[ Prime[ # ] ] == 5 & ] ]	[23, 47, 73, 97, 103, 157, 167, 193, 263, 277, 307, 383, 397, 433, 503, 577, 647, 673, 683, 727, 743, 863, 887, 937, 967, 983, 1033, 1093, 1103, 1153, 1163, 1223, 1367, 1487, 1543, 1583, 1607, 1777, 1823, 1847, 1933, 1993, 2003, 2017, 2063, 2087, 2113, 2203, 2207]
A001124	(* first load *) << NumberTheory`NumberTheoryFunctions` (* then *) Select[ Prime@Range@300, PrimitiveRoot@# == 5 &] (* _Robert G. Wilson v_, May 11 2001 *)	[23, 47, 73, 97, 103, 157, 167, 193, 263, 277, 307, 383, 397, 433, 503, 577, 647, 673, 683, 727, 743, 863, 887, 937, 967, 983, 1033, 1093, 1103, 1153, 1163, 1223, 1367, 1487, 1543, 1583, 1607, 1777, 1823, 1847, 1933, 1993, 2003, 2017, 2063, 2087, 2113, 2203, 2207]
A001129	nxt[{a_,b_}]:={b,Total[FromDigits/@Reverse/@IntegerDigits[ {a,b}]]}; Transpose[NestList[nxt,{0,1},40]][[1]] (* _Harvey P. Dale_, Jun 22 2011 *)	[0, 1, 1, 2, 3, 5, 8, 13, 39, 124, 514, 836, 1053, 4139, 12815, 61135, 104937, 792517, 1454698, 9679838, 17354310, 9735140, 1760750, 986050, 621360, 113815, 581437, 1252496, 7676706, 13019288, 94367798, 178067380, 173537220, 106496242, 265429972, 522619163]
A001190	terms = 35; A[_] = 0; Do[A[x_] = x + (1/2)*(A[x]^2 + A[x^2]) + O[x]^terms // Normal, terms]; CoefficientList[A[x], x] (* _Jean-François Alcover_, Jul 22 2011, updated Jan 10 2018 *)	[0, 1, 1, 1, 2, 3, 6, 11, 23, 46, 98, 207, 451, 983, 2179, 4850, 10905, 24631, 56011, 127912, 293547, 676157, 1563372, 3626149, 8436379, 19680277, 46026618, 107890609, 253450711, 596572387, 1406818759, 3323236238, 7862958391, 18632325319, 44214569100]
A001206	Table[Length[stableSets[Subsets[Range[n],{1,n}],Or[Intersection[#1,#2]=={},SubsetQ[#1,#2]]&]],{n,0,5}] (* _Gus Wiseman_, Jul 03 2019 *)	[0, 1, 2, 4, 12, 81, 2646, 1422564, 229809982112, 423295099074735261880]
A001230	Table[Length[FindHamiltonianCycle[KnightTourGraph[2 n, 2 n], All]], {n, 3}]	[0, 0, 9862, 13267364410532]
A001263	Table[Length[Select[aot[n],Length[Position[#,{}]]==k&]],{n,2,9},{k,1,n-1}] (* _Gus Wiseman_, Jan 23 2023 *)	[1, 1, 1, 1, 3, 1, 1, 6, 6, 1, 1, 10, 20, 10, 1, 1, 15, 50, 50, 15, 1, 1, 21, 105, 175, 105, 21, 1, 1, 28, 196, 490, 490, 196, 28, 1, 1, 36, 336, 1176, 1764, 1176, 336, 36, 1, 1, 45, 540, 2520, 5292, 5292, 2520, 540, 45, 1, 1, 55, 825, 4950, 13860, 19404, 13860, 4950, 825]
A001270	Table[f = FactorInteger[10^n - 1]; Flatten[Table[Table[i[[1]], {i[[2]]}], {i, f}]], {n, 13}] (* _T. D. Noe_, Jun 27 2012 *)	[3, 3, 3, 3, 11, 3, 3, 3, 37, 3, 3, 11, 101, 3, 3, 41, 271, 3, 3, 3, 7, 11, 13, 37, 3, 3, 239, 4649, 3, 3, 11, 73, 101, 137, 3, 3, 3, 3, 37, 333667, 3, 3, 11, 41, 271, 9091, 3, 3, 21649, 513239, 3, 3, 3, 7, 11, 13, 37, 101, 9901, 3, 3, 53, 79, 265371653]
A001272	Position[AlternatingFactorial[Range[200]], _?PrimeQ] // Flatten (* _Eric W. Weisstein_, Sep 19 2017 *)	[3, 4, 5, 6, 7, 8, 10, 15, 19, 41, 59, 61, 105, 160, 661, 2653, 3069, 3943, 4053, 4998, 8275, 9158, 11164, 43592, 59961]
A001299	Table[Length[FrobeniusSolve[{1,5,10,25},n]],{n,0,80}] (* _Harvey P. Dale_, Dec 01 2015 *)	[1, 1, 1, 1, 1, 2, 2, 2, 2, 2, 4, 4, 4, 4, 4, 6, 6, 6, 6, 6, 9, 9, 9, 9, 9, 13, 13, 13, 13, 13, 18, 18, 18, 18, 18, 24, 24, 24, 24, 24, 31, 31, 31, 31, 31, 39, 39, 39, 39, 39, 49, 49, 49, 49, 49, 60, 60, 60, 60, 60, 73, 73, 73, 73, 73, 87, 87, 87, 87, 87, 103, 103, 103, 103, 103]
A001301	Table[Length[FrobeniusSolve[{1,2,5,10,25},n]],{n,0,60}] (* _Harvey P. Dale_, Jan 19 2020 *)	[1, 1, 2, 2, 3, 4, 5, 6, 7, 8, 11, 12, 15, 16, 19, 22, 25, 28, 31, 34, 40, 43, 49, 52, 58, 65, 71, 78, 84, 91, 102, 109, 120, 127, 138, 151, 162, 175, 186, 199, 217, 230, 248, 261, 279, 300, 318, 339, 357, 378, 406, 427, 455, 476, 504, 536, 564, 596, 624, 656]
A001310	Table[Length[FrobeniusSolve[{1,2,4,10,20,40,100},n]],{n,0,60}] (* _Harvey P. Dale_, Nov 13 2013 *)	[1, 1, 2, 2, 4, 4, 6, 6, 9, 9, 13, 13, 18, 18, 24, 24, 31, 31, 39, 39, 50, 50, 62, 62, 77, 77, 93, 93, 112, 112, 134, 134, 159, 159, 187, 187, 218, 218, 252, 252, 293, 293, 337, 337, 388, 388, 442, 442, 503, 503, 571, 571, 646, 646, 728, 728, 817, 817, 913]
A001312	Table[Length[FrobeniusSolve[{1,2,5,10,50,100},n]],{n,0,60}] (* _Harvey P. Dale_, Dec 29 2017 *)	[1, 1, 2, 2, 3, 4, 5, 6, 7, 8, 11, 12, 15, 16, 19, 22, 25, 28, 31, 34, 40, 43, 49, 52, 58, 64, 70, 76, 82, 88, 98, 104, 114, 120, 130, 140, 150, 160, 170, 180, 195, 205, 220, 230, 245, 260, 275, 290, 305, 320, 342, 357, 379, 394, 416, 438, 460, 482, 504, 526]
A001313	Table[Length[FrobeniusSolve[{1,2,5,10,20,50},n]],{n,0,60}] (* (very slow) _Harvey P. Dale_, Dec 25 2011 *)	[1, 1, 2, 2, 3, 4, 5, 6, 7, 8, 11, 12, 15, 16, 19, 22, 25, 28, 31, 34, 41, 44, 51, 54, 61, 68, 75, 82, 89, 96, 109, 116, 129, 136, 149, 162, 175, 188, 201, 214, 236, 249, 271, 284, 306, 328, 350, 372, 394, 416, 451, 473, 508, 530, 565, 600, 635, 670, 705, 740]
A001314	Table[Length[FrobeniusSolve[{2,5,5,10,20,50},n]],{n,0,70}] (* _Harvey P. Dale_, Sep 23 2023 *)	[1, 0, 1, 0, 1, 2, 1, 2, 1, 2, 5, 2, 5, 2, 5, 8, 5, 8, 5, 8, 15, 8, 15, 8, 15, 22, 15, 22, 15, 22, 35, 22, 35, 22, 35, 48, 35, 48, 35, 48, 70, 48, 70, 48, 70, 92, 70, 92, 70, 92, 127, 92, 127, 92, 127, 162, 127, 162, 127, 162, 215, 162, 215, 162, 215, 268]
A001343	Table[Length[FrobeniusSolve[{5,10,20,50,100},n]],{n,0,80}] (* very slow, _Harvey P. Dale_, May 19 2012 *)	[1, 0, 0, 0, 0, 1, 0, 0, 0, 0, 2, 0, 0, 0, 0, 2, 0, 0, 0, 0, 4, 0, 0, 0, 0, 4, 0, 0, 0, 0, 6, 0, 0, 0, 0, 6, 0, 0, 0, 0, 9, 0, 0, 0, 0, 9, 0, 0, 0, 0, 13, 0, 0, 0, 0, 13, 0, 0, 0, 0, 18, 0, 0, 0, 0, 18, 0, 0, 0, 0, 24, 0, 0, 0, 0, 24, 0, 0, 0, 0, 31, 0, 0, 0, 0]
A001358	Select[Range[200], PrimeOmega[#]==2&] (* _Harvey P. Dale_, Jul 17 2011 *)	[4, 6, 9, 10, 14, 15, 21, 22, 25, 26, 33, 34, 35, 38, 39, 46, 49, 51, 55, 57, 58, 62, 65, 69, 74, 77, 82, 85, 86, 87, 91, 93, 94, 95, 106, 111, 115, 118, 119, 121, 122, 123, 129, 133, 134, 141, 142, 143, 145, 146, 155, 158, 159, 161, 166, 169, 177, 178, 183, 185, 187]
A001359	Flatten[q[[#]] & /@ Position[p - q, 2]] (* _Horst H. Manninger_, Mar 28 2021 *)	[3, 5, 11, 17, 29, 41, 59, 71, 101, 107, 137, 149, 179, 191, 197, 227, 239, 269, 281, 311, 347, 419, 431, 461, 521, 569, 599, 617, 641, 659, 809, 821, 827, 857, 881, 1019, 1031, 1049, 1061, 1091, 1151, 1229, 1277, 1289, 1301, 1319, 1427, 1451, 1481, 1487, 1607]
A001362	Table[Length[FrobeniusSolve[{1,2,4,10},n]],{n,0,60}] (* _Harvey P. Dale_, May 20 2021 *)	[1, 1, 2, 2, 4, 4, 6, 6, 9, 9, 13, 13, 18, 18, 24, 24, 31, 31, 39, 39, 49, 49, 60, 60, 73, 73, 87, 87, 103, 103, 121, 121, 141, 141, 163, 163, 187, 187, 213, 213, 242, 242, 273, 273, 307, 307, 343, 343, 382, 382, 424, 424, 469, 469, 517, 517, 568, 568, 622, 622]
A001399	Table[ Length[ IntegerPartitions[n, 3]], {n, 0, 61} ] (* corrected by _Jean-François Alcover_, Aug 08 2012 *)	[1, 1, 2, 3, 4, 5, 7, 8, 10, 12, 14, 16, 19, 21, 24, 27, 30, 33, 37, 40, 44, 48, 52, 56, 61, 65, 70, 75, 80, 85, 91, 96, 102, 108, 114, 120, 127, 133, 140, 147, 154, 161, 169, 176, 184, 192, 200, 208, 217, 225, 234, 243, 252, 261, 271, 280, 290, 300, 310, 320, 331, 341]
A001399	Table[Length[Select[IntegerPartitions[n,{3}],UnsameQ@@#&]],{n,0,30}] (* _Gus Wiseman_, Apr 15 2019 *)	[1, 1, 2, 3, 4, 5, 7, 8, 10, 12, 14, 16, 19, 21, 24, 27, 30, 33, 37, 40, 44, 48, 52, 56, 61, 65, 70, 75, 80, 85, 91, 96, 102, 108, 114, 120, 127, 133, 140, 147, 154, 161, 169, 176, 184, 192, 200, 208, 217, 225, 234, 243, 252, 261, 271, 280, 290, 300, 310, 320, 331, 341]
A001400	Table[Length@IntegerPartitions[n, 4], {n, 0, 55}] (* _Robert Price_, Aug 18 2020 *)	[1, 1, 2, 3, 5, 6, 9, 11, 15, 18, 23, 27, 34, 39, 47, 54, 64, 72, 84, 94, 108, 120, 136, 150, 169, 185, 206, 225, 249, 270, 297, 321, 351, 378, 411, 441, 478, 511, 551, 588, 632, 672, 720, 764, 816, 864, 920, 972, 1033, 1089, 1154, 1215, 1285, 1350, 1425, 1495]
A001433	Needs["Combinatorica`"]	[1, 1, 1, 3, 6, 15, 41, 115, 345, 1103, 3664, 12763, 46415, 175652, 691001, 2821116, 11932174, 52211412, 236007973, 1100528508, 5287050500, 26134330813, 132760735671, 692294900849, 3701754158688, 20275893222445, 113657560920970, 651449039159673, 3814790900995022, 22805438484189851]
A001434	Table[Length[Union[brute /@ Subsets[Subsets[Range[n],{2}],{n}]]],{n,0,5}] (* _Gus Wiseman_, Feb 22 2024 *)	[1, 0, 0, 1, 2, 6, 21, 65, 221, 771, 2769, 10250, 39243, 154658, 628635, 2632420, 11353457, 50411413, 230341716, 1082481189, 5228952960, 25945377057, 132140242356, 690238318754, 3694876952577, 20252697246580, 113578669178222, 651178533855913, 3813856010041981]
A001466	lst={};k=N[(Pi-3),1000];Do[s=Ceiling[1/k];AppendTo[lst,s];k=k-1/s,{n,12}];lst (* _Vladimir Joseph Stephan Orlovsky_, Nov 02 2009 *)	[8, 61, 5020, 128541455, 162924332716605980, 28783052231699298507846309644849796, 871295615653899563300996782209332544845605756266650946342214549769447]
A001566	c = N[GoldenRatio, 1000]; Table[Round[c^(2^n)], {n, 1, 10}] (* _Artur Jasinski_, Sep 22 2008 *)	[3, 7, 47, 2207, 4870847, 23725150497407, 562882766124611619513723647, 316837008400094222150776738483768236006420971486980607]
A001570	NestList[3 + 7*#1 + 4*Sqrt[1 + 3*#1 + 3*#1^2] &, 0, 24] (* _Zak Seidov_, May 06 2007 *)	[1, 13, 181, 2521, 35113, 489061, 6811741, 94875313, 1321442641, 18405321661, 256353060613, 3570537526921, 49731172316281, 692665874901013, 9647591076297901, 134373609193269601, 1871582937629476513, 26067787517619401581, 363077442309042145621]
A001622	RealDigits[(1 + Sqrt[5])/2, 10, 130] (* _Stefan Steinerberger_, Apr 02 2006 *)	[1, 6, 1, 8, 0, 3, 3, 9, 8, 8, 7, 4, 9, 8, 9, 4, 8, 4, 8, 2, 0, 4, 5, 8, 6, 8, 3, 4, 3, 6, 5, 6, 3, 8, 1, 1, 7, 7, 2, 0, 3, 0, 9, 1, 7, 9, 8, 0, 5, 7, 6, 2, 8, 6, 2, 1, 3, 5, 4, 4, 8, 6, 2, 2, 7, 0, 5, 2, 6, 0, 4, 6, 2, 8, 1, 8, 9, 0, 2, 4, 4, 9, 7, 0, 7, 2, 0, 7, 2, 0, 4, 1, 8, 9, 3, 9, 1, 1, 3, 7, 4, 8, 4, 7, 5]
A001656	Table[(Fibonacci[n+3]*Fibonacci[n+2]*Fibonacci[n+1]*Fibonacci[n])/6,{n,0,50}] (* _Vladimir Joseph Stephan Orlovsky_, Nov 23 2009 *)	[1, 5, 40, 260, 1820, 12376, 85085, 582505, 3994320, 27372840, 187628376, 1285992240, 8814405145, 60414613805, 414088493560, 2838203264876, 19453338487220, 133335155341960, 913892777190965, 6263914210945105]
A001678	Table[If[n<=1,0,Length[Select[urt[n-1],FreeQ[#,{_}]&]]],{n,0,10}] (* _Gus Wiseman_, Jan 20 2020 *)	[0, 0, 1, 0, 1, 1, 2, 3, 6, 10, 19, 35, 67, 127, 248, 482, 952, 1885, 3765, 7546, 15221, 30802, 62620, 127702, 261335, 536278, 1103600, 2276499, 4706985, 9752585, 20247033, 42110393, 87733197, 183074638, 382599946, 800701320, 1677922740, 3520581954]
A001679	Table[Length[Select[urt[n],Length[#]!=2&&FreeQ[Z@@#,{_}]&]],{n,15}] (* _Gus Wiseman_, Jan 21 2020 *)	[1, 1, 1, 0, 2, 2, 4, 6, 12, 20, 39, 71, 137, 261, 511, 995, 1974, 3915, 7841, 15749, 31835, 64540, 131453, 268498, 550324, 1130899, 2330381, 4813031, 9963288, 20665781, 42947715, 89410092, 186447559, 389397778, 814447067, 1705775653, 3577169927]
