A000001	FiniteGroupCount[Range[100]] (* _Harvey P. Dale_, Jan 29 2013 *)	[0, 1, 1, 1, 2, 1, 2, 1, 5, 2, 2, 1, 5, 1, 2, 1, 14, 1, 5, 1, 5, 2, 2, 1, 15, 2, 2, 5, 4, 1, 4, 1, 51, 1, 2, 1, 14, 1, 2, 2, 14, 1, 6, 1, 4, 2, 2, 1, 52, 2, 5, 1, 5, 1, 15, 2, 13, 2, 2, 1, 13, 1, 2, 4, 267, 1, 4, 1, 5, 1, 4, 1, 50, 1, 2, 3, 4, 1, 6, 1, 52, 15, 2, 1, 15, 1, 2, 1, 12, 1, 10, 1, 4, 2]
A000001	a[ n_] := If[ n < 1, 0, FiniteGroupCount @ n]; (* _Michael Somos_, May 28 2014 *)	[0, 1, 1, 1, 2, 1, 2, 1, 5, 2, 2, 1, 5, 1, 2, 1, 14, 1, 5, 1, 5, 2, 2, 1, 15, 2, 2, 5, 4, 1, 4, 1, 51, 1, 2, 1, 14, 1, 2, 2, 14, 1, 6, 1, 4, 2, 2, 1, 52, 2, 5, 1, 5, 1, 15, 2, 13, 2, 2, 1, 13, 1, 2, 4, 267, 1, 4, 1, 5, 1, 4, 1, 50, 1, 2, 3, 4, 1, 6, 1, 52, 15, 2, 1, 15, 1, 2, 1, 12, 1, 10, 1, 4, 2]
A000008	a[ n_] := Quotient[ With[{r = Mod[n, 10, 1]}, n^3 + 27 n^2 + (191 + 3 {4, 13, 0, 5, 8, 9, 8, 5, 0, 13}[[r]]) n + 25], 600] + 1; (* _Michael Somos_, Mar 06 2018 *)	[1, 1, 2, 2, 3, 4, 5, 6, 7, 8, 11, 12, 15, 16, 19, 22, 25, 28, 31, 34, 40, 43, 49, 52, 58, 64, 70, 76, 82, 88, 98, 104, 114, 120, 130, 140, 150, 160, 170, 180, 195, 205, 220, 230, 245, 260, 275, 290, 305, 320, 341, 356, 377, 392, 413, 434, 455, 476, 497, 518, 546]
A000009	PartitionsQ[Range[0, 60]] (* _Harvey Dale_, Jul 27 2009 *)	[1, 1, 1, 2, 2, 3, 4, 5, 6, 8, 10, 12, 15, 18, 22, 27, 32, 38, 46, 54, 64, 76, 89, 104, 122, 142, 165, 192, 222, 256, 296, 340, 390, 448, 512, 585, 668, 760, 864, 982, 1113, 1260, 1426, 1610, 1816, 2048, 2304, 2590, 2910, 3264, 3658, 4097, 4582, 5120, 5718, 6378]
A000009	a[ n_] := SeriesCoefficient[ QHypergeometricPFQ[{}, {}, q, -1] / 2, {q, 0, n}]; (* _Michael Somos_, Mar 04 2014 *)	[1, 1, 1, 2, 2, 3, 4, 5, 6, 8, 10, 12, 15, 18, 22, 27, 32, 38, 46, 54, 64, 76, 89, 104, 122, 142, 165, 192, 222, 256, 296, 340, 390, 448, 512, 585, 668, 760, 864, 982, 1113, 1260, 1426, 1610, 1816, 2048, 2304, 2590, 2910, 3264, 3658, 4097, 4582, 5120, 5718, 6378]
A000022	Sum[Take[CoefficientList[z^(n+1) + S4[T,h-1,z]z - S4[T,h-2,z]z - (T[h-1,z] - T[h-2,z]) (T[h-1,z]-1),z], n+1], {h,1,n/2}] + PadRight[{0,1}, n+1] (* _Robert A. Russell_, Sep 15 2018 *)	[0, 1, 0, 1, 1, 2, 2, 6, 9, 20, 37, 86, 181, 422, 943, 2223, 5225, 12613, 30513, 74883, 184484, 458561, 1145406, 2879870, 7274983, 18471060, 47089144, 120528657, 309576725, 797790928, 2062142876, 5345531935, 13893615154, 36201693122]
A000023	With[{r = Round[n!/E^2 - (-2)^(n + 1)/(n + 1)]}, r - (-1)^n Mod[(-1)^n r, 2^(n + Ceiling[-(2/n) - Log[2, n]])]] (* _Stan Wagon_ May 02 2016 *)	[1, -1, 2, -2, 8, 8, 112, 656, 5504, 49024, 491264, 5401856, 64826368, 842734592, 11798300672, 176974477312, 2831591702528, 48137058811904, 866467058876416, 16462874118127616, 329257482363600896, 6914407129633521664, 152116956851941670912]
A000023	a[n_] := (-1)^n x D[1/x Exp[x], {x, n}] x^n Exp[-x]	[1, -1, 2, -2, 8, 8, 112, 656, 5504, 49024, 491264, 5401856, 64826368, 842734592, 11798300672, 176974477312, 2831591702528, 48137058811904, 866467058876416, 16462874118127616, 329257482363600896, 6914407129633521664, 152116956851941670912]
A000023	Table[a[n] /. x -> 2, {n, 0, 22}](* _Gerry Martens_ , May 05 2016 *)	[1, -1, 2, -2, 8, 8, 112, 656, 5504, 49024, 491264, 5401856, 64826368, 842734592, 11798300672, 176974477312, 2831591702528, 48137058811904, 866467058876416, 16462874118127616, 329257482363600896, 6914407129633521664, 152116956851941670912]
A000031	Table[Expand[CycleIndex[CyclicGroup[n], t] /. Table[t[i]-> 2, {i, 1, n}]], {n,0, 30}] (* _Geoffrey Critzer_, Mar 06 2011*)	[1, 2, 3, 4, 6, 8, 14, 20, 36, 60, 108, 188, 352, 632, 1182, 2192, 4116, 7712, 14602, 27596, 52488, 99880, 190746, 364724, 699252, 1342184, 2581428, 4971068, 9587580, 18512792, 35792568, 69273668, 134219796, 260301176, 505294128, 981706832]
A000041	a[ n_] := SeriesCoefficient[ q^(1/24) / DedekindEta[ Log[q] / (2 Pi I)], {q, 0, n}]; (* _Michael Somos_, Jul 11 2011 *)	[1, 1, 2, 3, 5, 7, 11, 15, 22, 30, 42, 56, 77, 101, 135, 176, 231, 297, 385, 490, 627, 792, 1002, 1255, 1575, 1958, 2436, 3010, 3718, 4565, 5604, 6842, 8349, 10143, 12310, 14883, 17977, 21637, 26015, 31185, 37338, 44583, 53174, 63261, 75175, 89134, 105558, 124754, 147273, 173525]
A000041	CoefficientList[1/QPochhammer[q] + O[q]^100, q] (* _Jean-François Alcover_, Nov 25 2015 *)	[1, 1, 2, 3, 5, 7, 11, 15, 22, 30, 42, 56, 77, 101, 135, 176, 231, 297, 385, 490, 627, 792, 1002, 1255, 1575, 1958, 2436, 3010, 3718, 4565, 5604, 6842, 8349, 10143, 12310, 14883, 17977, 21637, 26015, 31185, 37338, 44583, 53174, 63261, 75175, 89134, 105558, 124754, 147273, 173525]
A000056	Table[ n DirichletConvolve[ MoebiusMu[m], m^2, m, n], {n, 1, 35}] (* _Li Han_, Mar 15 2020 *)	[1, 6, 24, 48, 120, 144, 336, 384, 648, 720, 1320, 1152, 2184, 2016, 2880, 3072, 4896, 3888, 6840, 5760, 8064, 7920, 12144, 9216, 15000, 13104, 17496, 16128, 24360, 17280, 29760, 24576, 31680, 29376, 40320, 31104, 50616, 41040, 52416, 46080, 68880, 48384, 79464]
A000056	Table[a[n], {n, 1, 35}] (* Li Han, Mar 15 2020 *)	[1, 6, 24, 48, 120, 144, 336, 384, 648, 720, 1320, 1152, 2184, 2016, 2880, 3072, 4896, 3888, 6840, 5760, 8064, 7920, 12144, 9216, 15000, 13104, 17496, 16128, 24360, 17280, 29760, 24576, 31680, 29376, 40320, 31104, 50616, 41040, 52416, 46080, 68880, 48384, 79464]
A000058	RecurrenceTable[{a[n + 1] == a[n]^2 - a[n] + 1, a[0] == 2}, a, {n, 0, 10}] (* _Emanuele Munarini_, Mar 30 2017 *)	[2, 3, 7, 43, 1807, 3263443, 10650056950807, 113423713055421844361000443, 12864938683278671740537145998360961546653259485195807]
A000060	seq[29] (* _Jean-François Alcover_, Sep 04 2019, after _Andrew Howroyd_ *)	[1, 2, 3, 10, 27, 98, 350, 1402, 5743, 24742, 108968, 492638, 2266502, 10600510, 50235931, 240882152, 1166732814, 5702046382, 28088787314, 139355139206, 695808554300, 3494391117164, 17641695461662, 89495028762682, 456009893224285, 2332997356507678, 11980753878699716, 61739654456234062, 319188605907760846]
A000065	nn=40;CoefficientList[Series[Product[1/(1-x^i),{i,1,nn}]-1/(1-x),{x,0,nn}],x]  (* _Geoffrey Critzer_, Oct 28 2012 *)	[0, 0, 1, 2, 4, 6, 10, 14, 21, 29, 41, 55, 76, 100, 134, 175, 230, 296, 384, 489, 626, 791, 1001, 1254, 1574, 1957, 2435, 3009, 3717, 4564, 5603, 6841, 8348, 10142, 12309, 14882, 17976, 21636, 26014, 31184, 37337, 44582, 53173, 63260, 75174, 89133, 105557, 124753]
A000079	LinearRecurrence[{2}, {2}, {0, 20}] (* _Eric W. Weisstein_, Sep 21 2017 *)	[1, 2, 4, 8, 16, 32, 64, 128, 256, 512, 1024, 2048, 4096, 8192, 16384, 32768, 65536, 131072, 262144, 524288, 1048576, 2097152, 4194304, 8388608, 16777216, 33554432, 67108864, 134217728, 268435456, 536870912, 1073741824, 2147483648, 4294967296, 8589934592]
A000081	ButcherTreeCount[30] (* v8 onward _Robert G. Wilson v_, Sep 16 2014 *)	[0, 1, 1, 2, 4, 9, 20, 48, 115, 286, 719, 1842, 4766, 12486, 32973, 87811, 235381, 634847, 1721159, 4688676, 12826228, 35221832, 97055181, 268282855, 743724984, 2067174645, 5759636510, 16083734329, 45007066269, 126186554308, 354426847597, 997171512998]
A000084	n = 27; s = 1/(1-x) + O[x]^(n+1); Do[s = s/(1-x^k)^Coefficient[s, x^k] + O[x]^(n+1), {k, 2, n}]; CoefficientList[s, x] // Rest (* _Jean-François Alcover_, Jun 20 2011, updated Jun 30 2015 *)	[1, 2, 4, 10, 24, 66, 180, 522, 1532, 4624, 14136, 43930, 137908, 437502, 1399068, 4507352, 14611576, 47633486, 156047204, 513477502, 1696305728, 5623993944, 18706733128, 62408176762, 208769240140, 700129713630, 2353386723912]
A000084	CoefficientList[ Fold[ #1/(1 - x^#2)^Coefficient[#1, x, #2] &, 1/(1 - x) + O[x]^(n + 1), Range[2, n]], x] (* _Oliver Seipel_, Sep 19 2021 *)	[1, 2, 4, 10, 24, 66, 180, 522, 1532, 4624, 14136, 43930, 137908, 437502, 1399068, 4507352, 14611576, 47633486, 156047204, 513477502, 1696305728, 5623993944, 18706733128, 62408176762, 208769240140, 700129713630, 2353386723912]
A000085	<<Combinatorica`; [M[Star[n]]]	[1, 1, 2, 4, 10, 26, 76, 232, 764, 2620, 9496, 35696, 140152, 568504, 2390480, 10349536, 46206736, 211799312, 997313824, 4809701440, 23758664096, 119952692896, 618884638912, 3257843882624, 17492190577600, 95680443760576, 532985208200576, 3020676745975552]
A000085	a[ n_] := Sum[(2 k - 1)!! Binomial[ n, 2 k], {k, 0, n/2}]; (* _Michael Somos_, Jun 01 2013 *)	[1, 1, 2, 4, 10, 26, 76, 232, 764, 2620, 9496, 35696, 140152, 568504, 2390480, 10349536, 46206736, 211799312, 997313824, 4809701440, 23758664096, 119952692896, 618884638912, 3257843882624, 17492190577600, 95680443760576, 532985208200576, 3020676745975552]
A000085	a[ n_] := If[ n < 0, 0, HypergeometricU[ -n/2, 1/2, -1/2] / (-1/2)^(n/2)]; (* _Michael Somos_, Jun 01 2013 *)	[1, 1, 2, 4, 10, 26, 76, 232, 764, 2620, 9496, 35696, 140152, 568504, 2390480, 10349536, 46206736, 211799312, 997313824, 4809701440, 23758664096, 119952692896, 618884638912, 3257843882624, 17492190577600, 95680443760576, 532985208200576, 3020676745975552]
A000085	RecurrenceTable[{a[n] == a[n-1] + (n-1)*a[n-2], a[0] == 1, a[1] == 1}, a, {n, 0, 20}] (* _Joan Ludevid_, Jun 17 2022 *)	[1, 1, 2, 4, 10, 26, 76, 232, 764, 2620, 9496, 35696, 140152, 568504, 2390480, 10349536, 46206736, 211799312, 997313824, 4809701440, 23758664096, 119952692896, 618884638912, 3257843882624, 17492190577600, 95680443760576, 532985208200576, 3020676745975552]
A000088	Table[NumberOfGraphs[n], {n, 0, 19}] (* _Geoffrey Critzer_, Mar 12 2011 *)	[1, 1, 2, 4, 11, 34, 156, 1044, 12346, 274668, 12005168, 1018997864, 165091172592, 50502031367952, 29054155657235488, 31426485969804308768, 64001015704527557894928, 245935864153532932683719776, 1787577725145611700547878190848, 24637809253125004524383007491432768]
A000088	Table[a[n], {n, 0, 20}] (* _Jean-François Alcover_, Jul 05 2018, after _Andrew Howroyd_ *)	[1, 1, 2, 4, 11, 34, 156, 1044, 12346, 274668, 12005168, 1018997864, 165091172592, 50502031367952, 29054155657235488, 31426485969804308768, 64001015704527557894928, 245935864153532932683719776, 1787577725145611700547878190848, 24637809253125004524383007491432768]
A000088	a[n_] := b[n, n, {}];	[1, 1, 2, 4, 11, 34, 156, 1044, 12346, 274668, 12005168, 1018997864, 165091172592, 50502031367952, 29054155657235488, 31426485969804308768, 64001015704527557894928, 245935864153532932683719776, 1787577725145611700547878190848, 24637809253125004524383007491432768]
A000088	a /@ Range[0, 20] (* _Jean-François Alcover_, Dec 03 2019, after _Alois P. Heinz_ *)	[1, 1, 2, 4, 11, 34, 156, 1044, 12346, 274668, 12005168, 1018997864, 165091172592, 50502031367952, 29054155657235488, 31426485969804308768, 64001015704527557894928, 245935864153532932683719776, 1787577725145611700547878190848, 24637809253125004524383007491432768]
A000094	ReplacePart[t,0,1]	[0, 0, 0, 0, 1, 2, 5, 8, 14, 21, 32, 45, 65, 88, 121, 161, 215, 280, 367, 471, 607, 771, 980, 1232, 1551, 1933, 2410, 2983, 3690, 4536, 5574, 6811, 8317, 10110, 12276, 14848, 17941, 21600, 25977, 31146, 37298, 44542, 53132, 63218, 75131, 89089]
A000094	CoefficientList[1/QPochhammer[x]-x/(1-x)^2-1+O[x]^50, x] (* _Jean-François Alcover_, Feb 04 2016 *)	[0, 0, 0, 0, 1, 2, 5, 8, 14, 21, 32, 45, 65, 88, 121, 161, 215, 280, 367, 471, 607, 771, 980, 1232, 1551, 1933, 2410, 2983, 3690, 4536, 5574, 6811, 8317, 10110, 12276, 14848, 17941, 21600, 25977, 31146, 37298, 44542, 53132, 63218, 75131, 89089]
A000097	(1/((1 - x) (1 - x^2) QPochhammer[x]) + O[x]^50)[[3]] (* _Vladimir Reshetnikov_, Nov 22 2016 *)	[1, 2, 5, 9, 17, 28, 47, 73, 114, 170, 253, 365, 525, 738, 1033, 1422, 1948, 2634, 3545, 4721, 6259, 8227, 10767, 13990, 18105, 23286, 29837, 38028, 48297, 61053, 76926, 96524, 120746, 150487, 187019, 231643, 286152, 352413, 432937, 530383, 648245]
A000097	a[n_] := T[n + 3, 2];	[1, 2, 5, 9, 17, 28, 47, 73, 114, 170, 253, 365, 525, 738, 1033, 1422, 1948, 2634, 3545, 4721, 6259, 8227, 10767, 13990, 18105, 23286, 29837, 38028, 48297, 61053, 76926, 96524, 120746, 150487, 187019, 231643, 286152, 352413, 432937, 530383, 648245]
A000097	Table[a[n], {n, 0, 60}] (* _Jean-François Alcover_, May 30 2021 *)	[1, 2, 5, 9, 17, 28, 47, 73, 114, 170, 253, 365, 525, 738, 1033, 1422, 1948, 2634, 3545, 4721, 6259, 8227, 10767, 13990, 18105, 23286, 29837, 38028, 48297, 61053, 76926, 96524, 120746, 150487, 187019, 231643, 286152, 352413, 432937, 530383, 648245]
A000098	CoefficientList[1/((1-x)*(1-x^2)*(1-x^3)*QPochhammer[x]) + O[x]^40, x] (* _Jean-François Alcover_, Feb 04 2016 *)	[1, 2, 5, 10, 19, 33, 57, 92, 147, 227, 345, 512, 752, 1083, 1545, 2174, 3031, 4179, 5719, 7752, 10438, 13946, 18519, 24428, 32051, 41805, 54265, 70079, 90102, 115318, 147005, 186626, 236064, 297492, 373645, 467707]
A000098	a[n_] := T[n + 6, 3];	[1, 2, 5, 10, 19, 33, 57, 92, 147, 227, 345, 512, 752, 1083, 1545, 2174, 3031, 4179, 5719, 7752, 10438, 13946, 18519, 24428, 32051, 41805, 54265, 70079, 90102, 115318, 147005, 186626, 236064, 297492, 373645, 467707]
A000098	Table[a[n], {n, 0, 60}] (* _Jean-François Alcover_, May 30 2021 *)	[1, 2, 5, 10, 19, 33, 57, 92, 147, 227, 345, 512, 752, 1083, 1545, 2174, 3031, 4179, 5719, 7752, 10438, 13946, 18519, 24428, 32051, 41805, 54265, 70079, 90102, 115318, 147005, 186626, 236064, 297492, 373645, 467707]
A000105	Table[Print["a(", n, ") = ", a[n]]; a[n], {n, 1, 12}] (* _Jean-François Alcover_, Mar 24 2015, after Jaime Rangel-Mondragón *)	[1, 1, 1, 2, 5, 12, 35, 108, 369, 1285, 4655, 17073, 63600, 238591, 901971, 3426576, 13079255, 50107909, 192622052, 742624232, 2870671950, 11123060678, 43191857688, 168047007728, 654999700403, 2557227044764, 9999088822075, 39153010938487, 153511100594603]
A000111	s[0] = 1; s[_] = 0; t[n_, 0] := s[n]; t[n_, k_] := t[n, k] = t[n, k-1] + t[n-1, n-k]; a[n_] := t[n, n]; Array[a, 30, 0](* _Jean-François Alcover_, Feb 12 2016 *)	[1, 1, 1, 2, 5, 16, 61, 272, 1385, 7936, 50521, 353792, 2702765, 22368256, 199360981, 1903757312, 19391512145, 209865342976, 2404879675441, 29088885112832, 370371188237525, 4951498053124096, 69348874393137901, 1015423886506852352, 15514534163557086905, 246921480190207983616, 4087072509293123892361]
A000111	a[n_] := If[n == 0, 1, 2*Abs[PolyLog[-n, I]]]; (* _Jean-François Alcover_, Dec 02 2023, after _M. F. Hasler_ *)	[1, 1, 1, 2, 5, 16, 61, 272, 1385, 7936, 50521, 353792, 2702765, 22368256, 199360981, 1903757312, 19391512145, 209865342976, 2404879675441, 29088885112832, 370371188237525, 4951498053124096, 69348874393137901, 1015423886506852352, 15514534163557086905, 246921480190207983616, 4087072509293123892361]
A000118	QP = QPochhammer; CoefficientList[QP[-q]^8/QP[q^2]^4 + O[q]^60, q] (* _Jean-François Alcover_, Nov 24 2015 *)	[1, 8, 24, 32, 24, 48, 96, 64, 24, 104, 144, 96, 96, 112, 192, 192, 24, 144, 312, 160, 144, 256, 288, 192, 96, 248, 336, 320, 192, 240, 576, 256, 24, 384, 432, 384, 312, 304, 480, 448, 144, 336, 768, 352, 288, 624, 576, 384, 96, 456, 744, 576, 336, 432, 960, 576, 192]
A000119	Table[Length@Select[IntegerPartitions[n, All, s], DeleteDuplicates[#] == # &], {n, 0, nmax}] (* _Robert Price_, Aug 17 2020 *)	[1, 1, 1, 2, 1, 2, 2, 1, 3, 2, 2, 3, 1, 3, 3, 2, 4, 2, 3, 3, 1, 4, 3, 3, 5, 2, 4, 4, 2, 5, 3, 3, 4, 1, 4, 4, 3, 6, 3, 5, 5, 2, 6, 4, 4, 6, 2, 5, 5, 3, 6, 3, 4, 4, 1, 5, 4, 4, 7, 3, 6, 6, 3, 8, 5, 5, 7, 2, 6, 6, 4, 8, 4, 6, 6, 2, 7, 5, 5, 8, 3, 6, 6, 3, 7, 4, 4, 5, 1, 5, 5, 4, 8, 4, 7, 7, 3, 9, 6, 6, 9, 3, 8, 8, 5]
A000121	imax = 20; p = Product[1+x^Fibonacci[i], {i, 1, imax}]; CoefficientList[p, x][[1 ;; Fibonacci[imax]+1]] (* _Jean-François Alcover_, Feb 04 2016, adapted from Maple *)	[1, 2, 2, 3, 3, 3, 4, 3, 4, 5, 4, 5, 4, 4, 6, 5, 6, 6, 5, 6, 4, 5, 7, 6, 8, 7, 6, 8, 6, 7, 8, 6, 7, 5, 5, 8, 7, 9, 9, 8, 10, 7, 8, 10, 8, 10, 8, 7, 10, 8, 9, 9, 7, 8, 5, 6, 9, 8, 11, 10, 9, 12, 9, 11, 13, 10, 12, 9, 8, 12, 10, 12, 12, 10, 12, 8, 9, 12, 10, 13, 11, 9, 12, 9, 10, 11, 8, 9, 6, 6, 10, 9]
A000121	Table[Count[s, n], {n, 0, nmax}] (* _Robert Price_, Aug 17 2020 *)	[1, 2, 2, 3, 3, 3, 4, 3, 4, 5, 4, 5, 4, 4, 6, 5, 6, 6, 5, 6, 4, 5, 7, 6, 8, 7, 6, 8, 6, 7, 8, 6, 7, 5, 5, 8, 7, 9, 9, 8, 10, 7, 8, 10, 8, 10, 8, 7, 10, 8, 9, 9, 7, 8, 5, 6, 9, 8, 11, 10, 9, 12, 9, 11, 13, 10, 12, 9, 8, 12, 10, 12, 12, 10, 12, 8, 9, 12, 10, 13, 11, 9, 12, 9, 10, 11, 8, 9, 6, 6, 10, 9]
A000122	a[ n_] := SeriesCoefficient[ EllipticTheta[ 3, 0, q], {q, 0, n}]; (* _Michael Somos_, Jul 11 2011 *)	[1, 2, 0, 0, 2, 0, 0, 0, 0, 2, 0, 0, 0, 0, 0, 0, 2, 0, 0, 0, 0, 0, 0, 0, 0, 2, 0, 0, 0, 0, 0, 0, 0, 0, 0, 0, 2, 0, 0, 0, 0, 0, 0, 0, 0, 0, 0, 0, 0, 2, 0, 0, 0, 0, 0, 0, 0, 0, 0, 0, 0, 0, 0, 0, 2, 0, 0, 0, 0, 0, 0, 0, 0, 0, 0, 0, 0, 0, 0, 0, 0, 2, 0, 0, 0, 0, 0, 0, 0, 0, 0, 0, 0, 0, 0, 0, 0, 0, 0, 0, 2, 0, 0, 0, 0]
A000122	QP = QPochhammer; s = QP[q^2]^5/(QP[q]*QP[q^4])^2 + O[q]^105; CoefficientList[s, q] (* _Jean-François Alcover_, Nov 24 2015 *)	[1, 2, 0, 0, 2, 0, 0, 0, 0, 2, 0, 0, 0, 0, 0, 0, 2, 0, 0, 0, 0, 0, 0, 0, 0, 2, 0, 0, 0, 0, 0, 0, 0, 0, 0, 0, 2, 0, 0, 0, 0, 0, 0, 0, 0, 0, 0, 0, 0, 2, 0, 0, 0, 0, 0, 0, 0, 0, 0, 0, 0, 0, 0, 0, 2, 0, 0, 0, 0, 0, 0, 0, 0, 0, 0, 0, 0, 0, 0, 0, 0, 2, 0, 0, 0, 0, 0, 0, 0, 0, 0, 0, 0, 0, 0, 0, 0, 0, 0, 0, 2, 0, 0, 0, 0]
A000122	(4 QPochhammer[q^2]/QPochhammer[-1,-q]^2 + O[q]^101)[[3]] (* _Vladimir Reshetnikov_, Sep 16 2016 *)	[1, 2, 0, 0, 2, 0, 0, 0, 0, 2, 0, 0, 0, 0, 0, 0, 2, 0, 0, 0, 0, 0, 0, 0, 0, 2, 0, 0, 0, 0, 0, 0, 0, 0, 0, 0, 2, 0, 0, 0, 0, 0, 0, 0, 0, 0, 0, 0, 0, 2, 0, 0, 0, 0, 0, 0, 0, 0, 0, 0, 0, 0, 0, 0, 2, 0, 0, 0, 0, 0, 0, 0, 0, 0, 0, 0, 0, 0, 0, 0, 0, 2, 0, 0, 0, 0, 0, 0, 0, 0, 0, 0, 0, 0, 0, 0, 0, 0, 0, 0, 2, 0, 0, 0, 0]
A000132	Table[SquaresR[5, n], {n, 0, 46}] (* _Ray Chandler_, Nov 28 2006 *)	[1, 10, 40, 80, 90, 112, 240, 320, 200, 250, 560, 560, 400, 560, 800, 960, 730, 480, 1240, 1520, 752, 1120, 1840, 1600, 1200, 1210, 2000, 2240, 1600, 1680, 2720, 3200, 1480, 1440, 3680, 3040, 2250, 2800, 3280, 4160, 2800, 1920, 4320, 5040, 2800, 3472, 5920]
A000137	n = 30; s = 1/(1 - x) + O[x]^(n + 1); Do[s = s/(1 - x^k)^Coefficient[s, x^k] + O[x]^(n + 1), {k, 2, n}] ; S = s - 1; CoefficientList[(1 + S)/(1 - S) + O[x]^n, x] (* _Jean-François Alcover_, Feb 09 2016 *)	[1, 2, 6, 18, 58, 186, 614, 2034, 6818, 22970, 77858, 264970, 905294, 3102434, 10661370, 36722642, 126752218, 438294018, 1518032598, 5265341314, 18286911130, 63586988434, 221342104842, 771235606050, 2689688538646, 9388096331642]
A000141	EllipticTheta[3, 0, z]^6 + O[z]^40 // CoefficientList[#, z]& (* _Jean-François Alcover_, Dec 05 2019 *)	[1, 12, 60, 160, 252, 312, 544, 960, 1020, 876, 1560, 2400, 2080, 2040, 3264, 4160, 4092, 3480, 4380, 7200, 6552, 4608, 8160, 10560, 8224, 7812, 10200, 13120, 12480, 10104, 14144, 19200, 16380, 11520, 17400, 24960, 18396, 16440, 24480, 27200]
A000142	RecurrenceTable[{a[n] == n*a[n - 1], a[0] == 1}, a, {n, 0, 22}] (* _Ray Chandler_, Jul 30 2015 *)	[1, 1, 2, 6, 24, 120, 720, 5040, 40320, 362880, 3628800, 39916800, 479001600, 6227020800, 87178291200, 1307674368000, 20922789888000, 355687428096000, 6402373705728000, 121645100408832000, 2432902008176640000, 51090942171709440000, 1124000727777607680000]
A000143	QP = QPochhammer; s = (QP[q^2]^5/(QP[q]*QP[q^4])^2)^8 + O[q]^40; CoefficientList[s, q] (* _Jean-François Alcover_, Dec 01 2015, adapted from PARI *)	[1, 16, 112, 448, 1136, 2016, 3136, 5504, 9328, 12112, 14112, 21312, 31808, 35168, 38528, 56448, 74864, 78624, 84784, 109760, 143136, 154112, 149184, 194688, 261184, 252016, 246176, 327040, 390784, 390240, 395136, 476672, 599152, 596736, 550368, 693504, 859952]
A000144	Table[SquaresR[10, n], {n, 0, 30}] (* _Ray Chandler_, Jun 29 2008; updated by _T. D. Noe_, Jan 23 2012 *)	[1, 20, 180, 960, 3380, 8424, 16320, 28800, 52020, 88660, 129064, 175680, 262080, 386920, 489600, 600960, 840500, 1137960, 1330420, 1563840, 2050344, 2611200, 2986560, 3358080, 4194240, 5318268, 5878440, 6299520, 7862400, 9619560]
A000145	SquaresR[12,Range[0,30]] (* _Harvey P. Dale_, Sep 07 2012 *)	[1, 24, 264, 1760, 7944, 25872, 64416, 133056, 253704, 472760, 825264, 1297056, 1938336, 2963664, 4437312, 6091584, 8118024, 11368368, 15653352, 19822176, 24832944, 32826112, 42517728, 51425088, 61903776, 78146664, 98021616]
A000151	terms = 30; A[_] = 0; Do[A[x_] = x*Exp[2*Sum[A[x^k]/k, {k, 1, terms}]] + O[x]^(terms+1) // Normal, terms+1]; CoefficientList[A[x], x] // Rest	[1, 2, 7, 26, 107, 458, 2058, 9498, 44947, 216598, 1059952, 5251806, 26297238, 132856766, 676398395, 3466799104, 17873508798, 92630098886, 482292684506, 2521610175006, 13233573019372, 69687684810980, 368114512431638, 1950037285256658, 10357028326495097, 55140508518522726, 294219119815868952, 1573132563600386854, 8427354035116949486, 45226421721391554194]
A000152	Table[SquaresR[16, n], {n, 0, 23}] (* _Ray Chandler_, Nov 28 2006 *)	[1, 32, 480, 4480, 29152, 140736, 525952, 1580800, 3994080, 8945824, 18626112, 36714624, 67978880, 118156480, 197120256, 321692928, 509145568, 772845120, 1143441760, 1681379200, 2428524096, 3392205824, 4658843520, 6411152640]
A000152	CoefficientList[EllipticTheta[3, 0, x]^16 + O[x]^24, x] (* _Jean-François Alcover_, Jul 06 2017 *)	[1, 32, 480, 4480, 29152, 140736, 525952, 1580800, 3994080, 8945824, 18626112, 36714624, 67978880, 118156480, 197120256, 321692928, 509145568, 772845120, 1143441760, 1681379200, 2428524096, 3392205824, 4658843520, 6411152640]
A000153	RecurrenceTable[{a[0]==0,a[1]==1,a[n]==n a[n-1]+(n-2)a[n-2]},a,{n,20}] (* _Harvey P. Dale_, May 08 2013 *)	[0, 1, 2, 7, 32, 181, 1214, 9403, 82508, 808393, 8743994, 103459471, 1328953592, 18414450877, 273749755382, 4345634192131, 73362643649444, 1312349454922513, 24796092486996338, 493435697986613143, 10315043624498196944]
A000156	Table[SquaresR[24, n], {n, 0, 20}] (* _Ray Chandler_, Nov 28 2006 *)	[1, 48, 1104, 16192, 170064, 1362336, 8662720, 44981376, 195082320, 721175536, 2319457632, 6631997376, 17231109824, 41469483552, 93703589760, 200343312768, 407488018512, 793229226336, 1487286966928, 2697825744960, 4744779429216]
A000165	Table[(2 n)!!, {n, 30}] (* _Vladimir Joseph Stephan Orlovsky_, Dec 13 2008 *)	[1, 2, 8, 48, 384, 3840, 46080, 645120, 10321920, 185794560, 3715891200, 81749606400, 1961990553600, 51011754393600, 1428329123020800, 42849873690624000, 1371195958099968000, 46620662575398912000, 1678343852714360832000, 63777066403145711616000]
A000165	(2 Range[0, 30])!! (* _Harvey P. Dale_, Jan 23 2015 *)	[1, 2, 8, 48, 384, 3840, 46080, 645120, 10321920, 185794560, 3715891200, 81749606400, 1961990553600, 51011754393600, 1428329123020800, 42849873690624000, 1371195958099968000, 46620662575398912000, 1678343852714360832000, 63777066403145711616000]
A000165	RecurrenceTable[{a[n] == 2 n*a[n-1], a[0] == 1}, a, {n,0,30}] (* _Ray Chandler_, Jul 30 2015 *)	[1, 2, 8, 48, 384, 3840, 46080, 645120, 10321920, 185794560, 3715891200, 81749606400, 1961990553600, 51011754393600, 1428329123020800, 42849873690624000, 1371195958099968000, 46620662575398912000, 1678343852714360832000, 63777066403145711616000]
A000166	a[n_] := (-1)^n HypergeometricPFQ[{- n, 1}, {}, 1]; (* _Michael Somos_, Jun 01 2013 *)	[1, 0, 1, 2, 9, 44, 265, 1854, 14833, 133496, 1334961, 14684570, 176214841, 2290792932, 32071101049, 481066515734, 7697064251745, 130850092279664, 2355301661033953, 44750731559645106, 895014631192902121, 18795307255050944540, 413496759611120779881, 9510425471055777937262]
A000166	RecurrenceTable[{a[n] == n*a[n - 1] + (-1)^n, a[0] == 1}, a, {n, 0, 23}] (* _Ray Chandler_, Jul 30 2015 *)	[1, 0, 1, 2, 9, 44, 265, 1854, 14833, 133496, 1334961, 14684570, 176214841, 2290792932, 32071101049, 481066515734, 7697064251745, 130850092279664, 2355301661033953, 44750731559645106, 895014631192902121, 18795307255050944540, 413496759611120779881, 9510425471055777937262]
A000168	a[ n_] := SeriesCoefficient[ Hypergeometric2F1[ 1/2, 1, 3, 12 x], {x, 0, n}] (* _Michael Somos_, Nov 25 2013 *)	[1, 2, 9, 54, 378, 2916, 24057, 208494, 1876446, 17399772, 165297834, 1602117468, 15792300756, 157923007560, 1598970451545, 16365932856990, 169114639522230, 1762352559231660, 18504701871932430, 195621134074714260, 2080697516976506220, 22254416920705240440, 239234981897581334730, 2583737804493878415084]
A000169	1/%  (* A203421 *)	[1, 2, 9, 64, 625, 7776, 117649, 2097152, 43046721, 1000000000, 25937424601, 743008370688, 23298085122481, 793714773254144, 29192926025390625, 1152921504606846976, 48661191875666868481, 2185911559738696531968, 104127350297911241532841, 5242880000000000000000000]
A000169	Table[v[n]/v[n + 1], {n, 1, z - 1}]  (* A000169 signed *)	[1, 2, 9, 64, 625, 7776, 117649, 2097152, 43046721, 1000000000, 25937424601, 743008370688, 23298085122481, 793714773254144, 29192926025390625, 1152921504606846976, 48661191875666868481, 2185911559738696531968, 104127350297911241532841, 5242880000000000000000000]
A000171	<<Combinatorica`; Table[GraphPolynomial[n, x]/.x -> -1, {n, 1, 20}]  (* _Geoffrey Critzer_, Oct 21 2012 *)	[1, 0, 0, 1, 2, 0, 0, 10, 36, 0, 0, 720, 5600, 0, 0, 703760, 11220000, 0, 0, 9168331776, 293293716992, 0, 0, 1601371799340544, 102484848265030656, 0, 0, 3837878966366932639744, 491247277315343649710080, 0, 0]
A000171	a[n_] := Module[{s = 0}, Switch[Mod[n, 4], 2|3, 0, _, Do[s += permcount[4 p]*2^edges[p]*If[OddQ[n], n*2^Length[p], 1], {p, IntegerPartitions[ Quotient[n, 4]]}]; s/n!]];	[1, 0, 0, 1, 2, 0, 0, 10, 36, 0, 0, 720, 5600, 0, 0, 703760, 11220000, 0, 0, 9168331776, 293293716992, 0, 0, 1601371799340544, 102484848265030656, 0, 0, 3837878966366932639744, 491247277315343649710080, 0, 0]
A000171	Array[a, 40] (* _Jean-François Alcover_, Aug 26 2019, after _Andrew Howroyd_ *)	[1, 0, 0, 1, 2, 0, 0, 10, 36, 0, 0, 720, 5600, 0, 0, 703760, 11220000, 0, 0, 9168331776, 293293716992, 0, 0, 1601371799340544, 102484848265030656, 0, 0, 3837878966366932639744, 491247277315343649710080, 0, 0]
A000172	Table[ HypergeometricPFQ[{-n, -n, -n}, {1, 1}, -1], {n, 0, 20}]  (* _Jean-François Alcover_, Jul 16 2012, after symbolic sum *)	[1, 2, 10, 56, 346, 2252, 15184, 104960, 739162, 5280932, 38165260, 278415920, 2046924400, 15148345760, 112738423360, 843126957056, 6332299624282, 47737325577620, 361077477684436, 2739270870994736, 20836827035351596, 158883473753259752, 1214171997616258240]
A000178	Table[BarnesG[n], {n, 2, 14}] (* _Zerinvary Lajos_, Jul 16 2009 *)	[1, 1, 2, 12, 288, 34560, 24883200, 125411328000, 5056584744960000, 1834933472251084800000, 6658606584104736522240000000, 265790267296391946810949632000000000, 127313963299399416749559771247411200000000000, 792786697595796795607377086400871488552960000000000000]
A000178	RecurrenceTable[{a[n] == n! a[n - 1], a[0] == 1}, a, {n, 0, 12}] (* _Ray Chandler_, Jul 30 2015 *)	[1, 1, 2, 12, 288, 34560, 24883200, 125411328000, 5056584744960000, 1834933472251084800000, 6658606584104736522240000000, 265790267296391946810949632000000000, 127313963299399416749559771247411200000000000, 792786697595796795607377086400871488552960000000000000]
A000178	BarnesG[Range[2, 20]] (* _Eric W. Weisstein_, Jul 14 2017 *)	[1, 1, 2, 12, 288, 34560, 24883200, 125411328000, 5056584744960000, 1834933472251084800000, 6658606584104736522240000000, 265790267296391946810949632000000000, 127313963299399416749559771247411200000000000, 792786697595796795607377086400871488552960000000000000]
A000180	FunctionExpand @ Table[ Gamma[n, -1/3]*3^(n-1)/Exp[ 1/3 ], {n, 24}]	[1, 2, 13, 116, 1393, 20894, 376093, 7897952, 189550849, 5117872922, 153536187661, 5066694192812, 182400990941233, 7113638646708086, 298772823161739613, 13444777042278282584, 645349298029357564033, 32912814199497235765682]
A000184	a[n_] := 1/12*(2^(n+1)*(2*n+1)!!/(n-1)!-3*4^n*n); Table[a[n], {n, 2, 31}] (* _Jean-François Alcover_, Mar 12 2014 *)	[2, 22, 164, 1030, 5868, 31388, 160648, 795846, 3845020, 18211380, 84876152, 390331292, 1775032504, 7995075960, 35715205136, 158401506118, 698102372988, 3059470021316, 13341467466520, 57918065919924, 250419305769512, 1078769490401032, 4631680461623664, 19825379450255900, 84622558822506328, 360270317908904328, 1530148541536781488, 6484511936352543096, 27423786092731382000, 115756362341775227888]
A000200	Sum[Take[CoefficientList[z^(n+1) + (T[h,z] - T[h-1,z])^2/2 + (T[h,z^2] - T[h-1,z^2])/2, z],n+1], {h,0,n/2}] (* _Robert A. Russell_, Sep 15 2018 *)	[0, 0, 1, 0, 1, 1, 3, 3, 9, 15, 38, 73, 174, 380, 915, 2124, 5134, 12281, 30010, 73401, 181835, 452165, 1133252, 2851710, 7215262, 18326528, 46750268, 119687146, 307528889, 792716193, 2049703887, 5314775856, 13817638615, 36012395538]
A000205	Table[Print[n, " ", a[n]]; a[n], {n, 0, 20}] (* _Jean-François Alcover_, Jan 23 2019 *)	[1, 1, 3, 4, 8, 14, 25, 45, 82, 151, 282, 531, 1003, 1907, 3645, 6993, 13456, 25978, 50248, 97446, 189291, 368338, 717804, 1400699, 2736534, 5352182, 10478044, 20531668, 40264582, 79022464, 155196838, 304997408, 599752463, 1180027022, 2322950591, 4575114295]
A000219	Zeta[3]^(7/36)/2^(11/36)/Sqrt[3 Pi]/Glaisher E^(3 Zeta[3]^(1/3) (n/2)^(2/3) + 1/12)/n^(25/36) (* asymptotic formula after Wright; _Vaclav Kotesovec_, Jun 23 2014 *)	[1, 1, 3, 6, 13, 24, 48, 86, 160, 282, 500, 859, 1479, 2485, 4167, 6879, 11297, 18334, 29601, 47330, 75278, 118794, 186475, 290783, 451194, 696033, 1068745, 1632658, 2483234, 3759612, 5668963, 8512309, 12733429, 18974973, 28175955, 41691046, 61484961, 90379784, 132441995, 193487501, 281846923]
A000250	a /@ Range[19] (* _Jean-François Alcover_, Jan 17 2020, after _Andrew Howroyd_ in A000666 *)	[1, 3, 10, 45, 272, 2548, 39632, 1104306, 56871880, 5463113568, 978181717680, 326167542296048, 202701136710498400, 235284321080559981952, 511531711735594715527360, 2089424601541011618029114896, 16084004145036771186002041099712, 234026948449058790311618594954430848, 6454432593140577452393525511509194184320]
A000255	RecurrenceTable[{a[n]==n a[n-1]+(n-1)a[n-2],a[0]==1,a[1]==1},a[n], {n,20}] (* _Harvey P. Dale_, May 10 2011 *)	[1, 1, 3, 11, 53, 309, 2119, 16687, 148329, 1468457, 16019531, 190899411, 2467007773, 34361893981, 513137616783, 8178130767479, 138547156531409, 2486151753313617, 47106033220679059, 939765362752547227, 19690321886243846661, 432292066866171724421]
A000255	a[ n_] := If[ n < 0, 0, (-1)^n HypergeometricPFQ[ {- n, 2}, {}, 1]] (* _Michael Somos_, Jun 01 2013 *)	[1, 1, 3, 11, 53, 309, 2119, 16687, 148329, 1468457, 16019531, 190899411, 2467007773, 34361893981, 513137616783, 8178130767479, 138547156531409, 2486151753313617, 47106033220679059, 939765362752547227, 19690321886243846661, 432292066866171724421]
A000259	R = Root[#^3-2#^2+#-x&, 1]; CoefficientList[1/((1-R-R^2)*(R-1)^2) + O[x]^30, x] (* _Jean-François Alcover_, Feb 06 2016, after _Mark van Hoeij_ *)	[1, 3, 13, 63, 326, 1761, 9808, 55895, 324301, 1908878, 11369744, 68395917, 414927215, 2535523154, 15592255913, 96419104103, 599176447614, 3739845108057, 23435007764606, 147374772979438, 929790132901804, 5883377105975922, 37328490926964481, 237427707464042693]
A000260	a[ n_] := SeriesCoefficient[ HypergeometricPFQ[ {1/2, 3/4, 1, 5/4}, {4/3, 5/3, 2}, 256/27 x], {x, 0, n}]; (* _Michael Somos_, Dec 23 2014 *)	[1, 1, 3, 13, 68, 399, 2530, 16965, 118668, 857956, 6369883, 48336171, 373537388, 2931682810, 23317105140, 187606350645, 1524813969276, 12504654858828, 103367824774012, 860593023907540, 7211115497448720, 60776550501588855]
A000260	CoefficientList[(2-G[x])*G[x]^2, x] (* _Jean-François Alcover_, Jan 13 2018, after _Mark van Hoeij_ *)	[1, 1, 3, 13, 68, 399, 2530, 16965, 118668, 857956, 6369883, 48336171, 373537388, 2931682810, 23317105140, 187606350645, 1524813969276, 12504654858828, 103367824774012, 860593023907540, 7211115497448720, 60776550501588855]
A000262	a[0] = 1; a[n_]:= n!*Hypergeometric1F1[n+1, 2, 1]/E; Table[a[n], {n, 0, 19}] (* _Jean-François Alcover_, Jun 18 2012, after Shai Covo *)	[1, 1, 3, 13, 73, 501, 4051, 37633, 394353, 4596553, 58941091, 824073141, 12470162233, 202976401213, 3535017524403, 65573803186921, 1290434218669921, 26846616451246353, 588633468315403843, 13564373693588558173, 327697927886085654441, 8281153039765859726341]
A000262	RecurrenceTable[{a[n] == (2*n - 1)*a[n-1] - (n-1)*(n-2)*a[n-2], a[0] == 1, a[1] == 1}, a, {n, 0, 30}] (* _Vaclav Kotesovec_, Jul 21 2022 *)	[1, 1, 3, 13, 73, 501, 4051, 37633, 394353, 4596553, 58941091, 824073141, 12470162233, 202976401213, 3535017524403, 65573803186921, 1290434218669921, 26846616451246353, 588633468315403843, 13564373693588558173, 327697927886085654441, 8281153039765859726341]
A000271	RecurrenceTable[{a[0] == 1, a[1] == a[2] == 0, a[n] == (n - 1) a[n - 2] + (n - 1) a[n - 1] +  a[n - 3]}, a, {n, 30}] (* _Harvey P. Dale_, Jun 01 2012 *)	[1, 0, 0, 1, 3, 16, 96, 675, 5413, 48800, 488592, 5379333, 64595975, 840192288, 11767626752, 176574062535, 2825965531593, 48052401132800, 865108807357216, 16439727718351881, 328839946389605643, 6906458590966507696]
A000272	<< DiscreteMath`Combinatorica` Table[NumberOfSpanningTrees[CompleteGraph[n]], {n, 1, 20}] (* _Artur Jasinski_, Dec 06 2007 *)	[1, 1, 1, 3, 16, 125, 1296, 16807, 262144, 4782969, 100000000, 2357947691, 61917364224, 1792160394037, 56693912375296, 1946195068359375, 72057594037927936, 2862423051509815793, 121439531096594251776, 5480386857784802185939]
A000272	a[ n_] := If[ n < 0, 0, n! SeriesCoefficient[ 1 - LambertW[-x] - LambertW[-x]^2 / 2, {x, 0, n}]]; (* _Michael Somos_, May 25 2014 *)	[1, 1, 1, 3, 16, 125, 1296, 16807, 262144, 4782969, 100000000, 2357947691, 61917364224, 1792160394037, 56693912375296, 1946195068359375, 72057594037927936, 2862423051509815793, 121439531096594251776, 5480386857784802185939]
A000272	a[ n_] := If[ n < 1, Boole[n == 0], With[ {m = n - 1}, m! SeriesCoefficient[ Exp[ -LambertW[-x]], {x, 0, m}]]]; (* _Michael Somos_, May 25 2014 *)	[1, 1, 1, 3, 16, 125, 1296, 16807, 262144, 4782969, 100000000, 2357947691, 61917364224, 1792160394037, 56693912375296, 1946195068359375, 72057594037927936, 2862423051509815793, 121439531096594251776, 5480386857784802185939]
A000272	a[ n_] := If[ n < 2, Boole[n >= 0], With[ {m = n - 1}, m! SeriesCoefficient[ InverseSeries[ Series[ Log[1 + x] / (1 + x), {x, 0, m}]], m]]]; (* _Michael Somos_, May 25 2014 *)	[1, 1, 1, 3, 16, 125, 1296, 16807, 262144, 4782969, 100000000, 2357947691, 61917364224, 1792160394037, 56693912375296, 1946195068359375, 72057594037927936, 2862423051509815793, 121439531096594251776, 5480386857784802185939]
A000273	Table[CycleIndex[PairGroup[SymmetricGroup[n],Ordered],t]/.Table[t[i]->1+x^i,{i,1,n^2}]/.{x->1},{n,1,7}] (* or *)	[1, 1, 3, 16, 218, 9608, 1540944, 882033440, 1793359192848, 13027956824399552, 341260431952972580352, 32522909385055886111197440, 11366745430825400574433894004224, 14669085692712929869037096075316220928, 70315656615234999521385506555979904091217920]
A000273	  Table[GraphPolynomial[n,t,Directed]/.{t->1},{n,1,20}]	[1, 1, 3, 16, 218, 9608, 1540944, 882033440, 1793359192848, 13027956824399552, 341260431952972580352, 32522909385055886111197440, 11366745430825400574433894004224, 14669085692712929869037096075316220928, 70315656615234999521385506555979904091217920]
A000273	Table[a[n], {n, 0, 20}] (* _Jean-François Alcover_, Jul 08 2018, after _Andrew Howroyd_ *)	[1, 1, 3, 16, 218, 9608, 1540944, 882033440, 1793359192848, 13027956824399552, 341260431952972580352, 32522909385055886111197440, 11366745430825400574433894004224, 14669085692712929869037096075316220928, 70315656615234999521385506555979904091217920]
A000278	RecurrenceTable[{a[n +2] == a[n +1] + a[n]^2, a[0] == 1, a[1] == 1}, a, {n, 0, 16}] (* _Robert G. Wilson v_, Apr 14 2017 *)	[0, 1, 1, 2, 3, 7, 16, 65, 321, 4546, 107587, 20773703, 11595736272, 431558332068481, 134461531248108526465, 186242594112190847520182173826, 18079903385772308300945867582153787570051, 34686303861638264961101080464895364211215702792496667048327]
A000280	RecurrenceTable[{a[0]==0,a[1]==1,a[n]==a[n-1]+a[n-2]^3},a,{n,15}] (* _Harvey P. Dale_, Jun 20 2011 *)	[0, 1, 1, 2, 3, 11, 38, 1369, 56241, 2565782650, 177895665388171, 16891164530321501264425013171, 5629840598310484749297545401724540333537382]
A000283	RecurrenceTable[{a[n + 2] == a[n + 1]^2 + a[n]^2, a[0] == 0, a[1] == 1}, a, {n, 0, 12}] (* _Emanuele Munarini_, Mar 30 2017 *)	[0, 1, 1, 2, 5, 29, 866, 750797, 563696885165, 317754178345286893212434, 100967717855888389973004846476977145423449281581]
A000284	RecurrenceTable[{a[n] == a[n-1]^3 + a[n-2], a[0] == 0, a[1] == 1}, a, {n, 0, 8}] (* _Jean-François Alcover_, Feb 06 2016 *)	[0, 1, 1, 2, 9, 731, 390617900, 59601394712394173339000731, 211723599072542785377729319366442939995427829921816290889198752331804918235791]
A000289	Join[{1}, RecurrenceTable[{a[n] == a[n-1]^2 - 3*a[n-1] + 3, a[1] == 4}, a, {n, 1, 9}]] (* _Jean-François Alcover_, Feb 06 2016 *)	[1, 4, 7, 31, 871, 756031, 571580604871, 326704387862983487112031, 106735757048926752040856495274871386126283608871, 11392521832807516835658052968328096177131218666695418950023483907701862019030266123104859068031]
A000295	a[n_] = If[n==0, 0, n*(HypergeometricPFQ[{1, 1-n}, {2}, -1] - 1)];	[0, 0, 1, 4, 11, 26, 57, 120, 247, 502, 1013, 2036, 4083, 8178, 16369, 32752, 65519, 131054, 262125, 524268, 1048555, 2097130, 4194281, 8388584, 16777191, 33554406, 67108837, 134217700, 268435427, 536870882, 1073741793, 2147483616, 4294967263, 8589934558]
A000295	Table[a[n], {n,0,40}] (* _Olivier Gérard_, Mar 29 2011 *)	[0, 0, 1, 4, 11, 26, 57, 120, 247, 502, 1013, 2036, 4083, 8178, 16369, 32752, 65519, 131054, 262125, 524268, 1048555, 2097130, 4194281, 8388584, 16777191, 33554406, 67108837, 134217700, 268435427, 536870882, 1073741793, 2147483616, 4294967263, 8589934558]
A000303	a[n_] := T[n, 2];	[0, 1, 4, 16, 69, 348, 2016, 13357, 99376, 822040, 7477161, 74207208, 797771520, 9236662345, 114579019468, 1516103040832, 21314681315997, 317288088082404, 4985505271920096, 82459612672301845, 1432064398910663704, 26054771465540507272]
A000303	Array[a, 30] (* _Jean-François Alcover_, Jul 19 2018, after _Alois P. Heinz_ *)	[0, 1, 4, 16, 69, 348, 2016, 13357, 99376, 822040, 7477161, 74207208, 797771520, 9236662345, 114579019468, 1516103040832, 21314681315997, 317288088082404, 4985505271920096, 82459612672301845, 1432064398910663704, 26054771465540507272]
A000307	nn = 18; a = Exp[Exp[x] - 1]; b = Exp[a - 1];	[1, 1, 4, 22, 154, 1304, 12915, 146115, 1855570, 26097835, 402215465, 6734414075, 121629173423, 2355470737637, 48664218965021, 1067895971109199, 24795678053493443, 607144847919796830, 15630954703539323090, 421990078975569031642, 11918095123121138408128]
A000307	Range[0, nn]! CoefficientList[Series[Exp[b - 1], {x, 0, nn}], x]  (*_Geoffrey Critzer_, Dec 28 2011*)	[1, 1, 4, 22, 154, 1304, 12915, 146115, 1855570, 26097835, 402215465, 6734414075, 121629173423, 2355470737637, 48664218965021, 1067895971109199, 24795678053493443, 607144847919796830, 15630954703539323090, 421990078975569031642, 11918095123121138408128]
A000309	Join[{1},RecurrenceTable[{a[1]==1,a[n]==4a[n-1] Binomial[3n,3]/ Binomial[2n+2,3]}, a[n],{n,20}]] (* _Harvey P. Dale_, May 11 2011 *)	[1, 1, 4, 24, 176, 1456, 13056, 124032, 1230592, 12629760, 133186560, 1436098560, 15774990336, 176028860416, 1990947110912, 22783499599872, 263411369705472, 3073132646563840, 36143187370967040, 428157758086840320, 5105072641718353920, 61228492804372561920]
A000310	max = 20; CoefficientList[-Log[1 + Log[1 + Log[1 + Log[1 - x]]]]/x + O[x]^max, x]*Range[max]! (* _Jean-François Alcover_, Feb 07 2016 *)	[1, 4, 26, 234, 2696, 37919, 630521, 12111114, 264051201, 6445170229, 174183891471, 5164718385337, 166737090160871, 5822980248613990, 218756388226681557, 8797723991458469015, 377159237609540937788, 17170729962232112834302, 827382365085791968518198, 42070004707327023844695198]
A000311	a[ n_] := If[ n < 1, 0, n! SeriesCoefficient[ InverseSeries[ Series[ 1 + 2 x - Exp[x], {x, 0, n}]], n]]; (* _Michael Somos_, Jun 04 2012 *)	[0, 1, 1, 4, 26, 236, 2752, 39208, 660032, 12818912, 282137824, 6939897856, 188666182784, 5617349020544, 181790703209728, 6353726042486272, 238513970965257728, 9571020586419012608, 408837905660444010496, 18522305410364986906624]
A000312	a[ n_] := If[ n < 0, 0, n! SeriesCoefficient[ 1 / (1 + LambertW[-x]), {x, 0, n}]]; (* _Michael Somos_, May 24 2014 *)	[1, 1, 4, 27, 256, 3125, 46656, 823543, 16777216, 387420489, 10000000000, 285311670611, 8916100448256, 302875106592253, 11112006825558016, 437893890380859375, 18446744073709551616, 827240261886336764177, 39346408075296537575424, 1978419655660313589123979]
A000312	a[ n_] := If[ n < 0, 0, With[{m = n + 1}, m! SeriesCoefficient[ InverseSeries[ Series[ (x - 1) Log[1 - x], {x, 0, m}]], m]]]; (* _Michael Somos_, May 24 2014 *)	[1, 1, 4, 27, 256, 3125, 46656, 823543, 16777216, 387420489, 10000000000, 285311670611, 8916100448256, 302875106592253, 11112006825558016, 437893890380859375, 18446744073709551616, 827240261886336764177, 39346408075296537575424, 1978419655660313589123979]
A000316	a[n_] := b[n] * 2^n;	[1, 0, 4, 80, 4752, 440192, 59245120, 10930514688, 2649865335040, 817154768973824, 312426715251262464, 145060238642780180480, 80403174342119992692736, 52443098500204184915312640, 39764049487996490505336537088]
A000316	Array[a, 14] (* _Jean-François Alcover_, Oct 30 2019 *)	[1, 0, 4, 80, 4752, 440192, 59245120, 10930514688, 2649865335040, 817154768973824, 312426715251262464, 145060238642780180480, 80403174342119992692736, 52443098500204184915312640, 39764049487996490505336537088]
A000317	RecurrenceTable[{a[n] == a[n-1]^2 - a[n-1]*a[n-2] + a[n-2]^2, a[1] == 1, a[2] == 2}, a, {n, 1, 10}] (* _Jean-François Alcover_, Feb 07 2016 *)	[1, 2, 3, 7, 37, 1159, 1301767, 1693089917617, 2866551265129451657751739, 8217116155610406522540626640615749228405055996847]
A000321	Table[(-2)^n HypergeometricU[-n/2, 1/2, 1/4], {n, 0, 25}] (* _Benedict W. J. Irwin_, Oct 17 2017 *)	[1, -1, -1, 5, 1, -41, 31, 461, -895, -6481, 22591, 107029, -604031, -1964665, 17669471, 37341149, -567425279, -627491489, 19919950975, 2669742629, -759627879679, 652838174519, 31251532771999, -59976412450835, -1377594095061119, 4256461892701199, 64623242860354751]
A000324	Join[{1}, RecurrenceTable[{a[n] == a[n-1]^2 - 4*a[n-1] + 4, a[1] == 5}, a, {n, 1, 8}]] (* _Jean-François Alcover_, Feb 07 2016 *)	[1, 5, 9, 49, 2209, 4870849, 23725150497409, 562882766124611619513723649, 316837008400094222150776738483768236006420971486980609]
A000325	LinearRecurrence[{4, -5, 2}, {1, 2, 5}, {0, 20}] (* _Eric W. Weisstein_, Jul 14 2017 *)	[1, 1, 2, 5, 12, 27, 58, 121, 248, 503, 1014, 2037, 4084, 8179, 16370, 32753, 65520, 131055, 262126, 524269, 1048556, 2097131, 4194282, 8388585, 16777192, 33554407, 67108838, 134217701, 268435428, 536870883, 1073741794, 2147483617]
A000326	(* For Mathematica 10.4+ *) Table[PolygonalNumber[RegularPolygon[5], n], {n, 0, 46}] (* _Arkadiusz Wesolowski_, Aug 27 2016 *)	[0, 1, 5, 12, 22, 35, 51, 70, 92, 117, 145, 176, 210, 247, 287, 330, 376, 425, 477, 532, 590, 651, 715, 782, 852, 925, 1001, 1080, 1162, 1247, 1335, 1426, 1520, 1617, 1717, 1820, 1926, 2035, 2147, 2262, 2380, 2501, 2625, 2752, 2882, 3015, 3151]
A000327	Table[A000327[n], {n, 3, 80}] (* _Seth A. Troisi_, May 25 2022 *)	[1, 5, 12, 23, 39, 62, 91, 127, 171, 228, 294, 370, 461, 561, 677, 811, 955, 1121, 1303, 1499, 1719, 1960, 2218, 2499, 2806, 3131, 3485, 3868, 4274, 4706, 5166, 5658, 6175, 6725, 7309, 7923, 8572, 9256, 9972, 10728, 11521, 12349, 13218, 14126, 15072]
A000331	Table[a[n], {n, 4, 24}] (* _Jean-François Alcover_, Dec 01 2023, after _R. J. Mathar_ in A158616 *)	[5, 14, 1026, 4324, 311387, 6425694, 579783114, 4028104212, 7315072725560, 61358264615344, 9569450876916944, 1632353370882506848, 1365475358484643531856, 15211641461623992544160, 74766806258361827981250240, 936580261005146914634459520, 6083678228249789825160175706880, 1936651082361926268672618636234240, 688115696843061332335070140230720000, 10517068622936239459488783307672335360, 2913914903970372007778735454555848514846720]
A000354	FunctionExpand @ Table[ Gamma[ n+1, -1/2 ]*2^n/Exp[ 1/2 ], {n, 0, 24}]	[1, 1, 5, 29, 233, 2329, 27949, 391285, 6260561, 112690097, 2253801941, 49583642701, 1190007424825, 30940193045449, 866325405272573, 25989762158177189, 831672389061670049, 28276861228096781665, 1017967004211484139941, 38682746160036397317757]
A000354	a[ n_] := If[ n < 0, 0, (2^n Gamma[n + 1, -1/2]) / Sqrt[E] // FunctionExpand]; (* _Michael Somos_, Apr 14 2018 *)	[1, 1, 5, 29, 233, 2329, 27949, 391285, 6260561, 112690097, 2253801941, 49583642701, 1190007424825, 30940193045449, 866325405272573, 25989762158177189, 831672389061670049, 28276861228096781665, 1017967004211484139941, 38682746160036397317757]
A000354	a[n_] := n! 2^n Hypergeometric1F1[-n, -n, -1/2];	[1, 1, 5, 29, 233, 2329, 27949, 391285, 6260561, 112690097, 2253801941, 49583642701, 1190007424825, 30940193045449, 866325405272573, 25989762158177189, 831672389061670049, 28276861228096781665, 1017967004211484139941, 38682746160036397317757]
A000354	Table[a[n], {n, 0, 19}]   (* _Peter Luschny_, Jul 28 2024 *)	[1, 1, 5, 29, 233, 2329, 27949, 391285, 6260561, 112690097, 2253801941, 49583642701, 1190007424825, 30940193045449, 866325405272573, 25989762158177189, 831672389061670049, 28276861228096781665, 1017967004211484139941, 38682746160036397317757]
A000372	Table[Length[stableSets[Subsets[Range[n]],SubsetQ]],{n,0,nn}] (* _Gus Wiseman_, Feb 20 2019 *)	[2, 3, 6, 20, 168, 7581, 7828354, 2414682040998, 56130437228687557907788, 286386577668298411128469151667598498812366]
A000396	PerfectNumber[Range[15]] (* Requires Mathematica version 10 or later *) (* _Harvey P. Dale_, Dec 10 2018 *)	[6, 28, 496, 8128, 33550336, 8589869056, 137438691328, 2305843008139952128, 2658455991569831744654692615953842176, 191561942608236107294793378084303638130997321548169216]
A000402	a[n_] := T[n, 3];	[0, 0, 1, 6, 41, 293, 2309, 19975, 189524, 1960041, 21993884, 266361634, 3465832370, 48245601976, 715756932697, 11277786883720, 188135296651083, 3313338641692957, 61444453534759589, 1196988740015236617, 24442368179977776766, 522124104504306695929]
A000402	Array[a, 30] (* _Jean-François Alcover_, Jul 19 2018, after _Alois P. Heinz_ *)	[0, 0, 1, 6, 41, 293, 2309, 19975, 189524, 1960041, 21993884, 266361634, 3465832370, 48245601976, 715756932697, 11277786883720, 188135296651083, 3313338641692957, 61444453534759589, 1196988740015236617, 24442368179977776766, 522124104504306695929]
A000432	n = 38; s = 1/(1 - x) + O[x]^(n + 1); Do[s = s/(1 - x^k)^Coefficient[s, x^k] + O[x]^(n + 1), {k, 2, n}] ; S = s - 1; CoefficientList[4 (2 + S) (1 + S)/(1 - S)^5 + O[x]^n, x] (* _Jean-François Alcover_, Feb 09 2016 *)	[8, 52, 288, 1424, 6648, 29700, 128800, 545600, 2269672, 9303140, 37672216, 150998016, 599988696, 2366216164, 9270987656, 36116062832, 139978757920, 540069059028, 2075217121688, 7944690769952, 30313624200640, 115312027433188, 437420730644304, 1655047867097280, 6247339311097296, 23530440547115428, 88447214709073696, 331832490378209152, 1242766581420901656, 4646714574562484628, 17347357264162110368, 64668460220964604944, 240747014238189337840, 895102104022837748484, 3323982608759454833032, 12329573838525875316560, 45684294664598118867184, 169098457957523787786644]
A000434	a[n_] := T[n, 4];	[0, 0, 0, 1, 8, 67, 602, 5811, 60875, 690729, 8457285, 111323149, 1569068565, 23592426102, 377105857043, 6387313185576, 114303481217657, 2155348564847332, 42719058006864690, 887953677898186108, 19316200230609433690, 438920223893512987430]
A000434	Array[a, 30] (* _Jean-François Alcover_, Jul 19 2018, after _Alois P. Heinz_ *)	[0, 0, 0, 1, 8, 67, 602, 5811, 60875, 690729, 8457285, 111323149, 1569068565, 23592426102, 377105857043, 6387313185576, 114303481217657, 2155348564847332, 42719058006864690, 887953677898186108, 19316200230609433690, 438920223893512987430]
A000455	2^Range[0, 25] // IntegerDigits // Flatten (* _Jean-François Alcover_, Feb 08 2016 *)	[1, 2, 4, 8, 1, 6, 3, 2, 6, 4, 1, 2, 8, 2, 5, 6, 5, 1, 2, 1, 0, 2, 4, 2, 0, 4, 8, 4, 0, 9, 6, 8, 1, 9, 2, 1, 6, 3, 8, 4, 3, 2, 7, 6, 8, 6, 5, 5, 3, 6, 1, 3, 1, 0, 7, 2, 2, 6, 2, 1, 4, 4, 5, 2, 4, 2, 8, 8, 1, 0, 4, 8, 5, 7, 6, 2, 0, 9, 7, 1, 5, 2]
A000459	RecurrenceTable[{(2*n+3)*a[n+3]==(2*n+5)^2*(n+2)*a[n+2]+(2*n+3)*(n+2)*a[n+1]-2*(2*n+5)*(n+1)*(n+2)*a[n],a[1]==0,a[2]==1,a[3]==10},a,{n,1,25}] (* _Vaclav Kotesovec_, Aug 31 2012 *)	[1, 0, 1, 10, 297, 13756, 925705, 85394646, 10351036465, 1596005408152, 305104214112561, 70830194649795010, 19629681235869138841, 6401745422388206166420, 2427004973632598297444857, 1058435896607583305978409166, 526149167104704966948064477665]
A000468	FromDigits/@IntegerDigits[10^Range[0,20],8] (* _Harvey P. Dale_, Apr 08 2012 *)	[1, 12, 144, 1750, 23420, 303240, 3641100, 46113200, 575360400, 7346545000, 112402762000, 1351035564000, 16432451210000, 221411634520000, 2657142036440000, 34327724461500000, 434157115760200000, 5432127413542400000, 67405553164731000000, 1053071060221172000000]
A000472	RecurrenceTable[{a[1]==2,a[2]==5,a[n]==a[n-1]^2+(a[n-2]+1)(a[n-1]- a[n-2]^2)}, a[n],{n,10}] (* _Harvey P. Dale_, Sep 29 2011 *)	[2, 5, 28, 802, 643726, 414383582242, 171713753231982206218246, 29485613049014079571725771288849499850026859242]
A000473	CoefficientList[(1/x)(1-Sqrt[1-4x])(17+16x-(10+4x)Sqrt[1-4x])/(1-4x)^(11/2) + O[x]^36, x] (* _Jean-François Alcover_, Feb 08 2016 *)	[14, 386, 5868, 65954, 614404, 5030004, 37460376, 259477218, 1697186964, 10596579708, 63663115880, 370293754740, 2095108370600, 11574690111400, 62629794691632, 332742342741090, 1739371969822260, 8961709528660140, 45576855706440520, 229087231033907708]
A000502	CoefficientList[ x(1-Sqrt[1-4x])(105+92x-(84+76x)Sqrt[1-4x])/(1-4x)^7/x^2 + O[x]^30, x] (* _Jean-François Alcover_, Feb 09 2016 *)	[42, 1586, 31388, 442610, 5030004, 49145460, 429166584, 3435601554, 25658464260, 181055975100, 1218601601672, 7880146275092, 49238911113224, 298652277299880, 1764885293279472, 10192638073849554, 57674223198273444, 320430129184331628, 1751190732477786600, 9428906326013866076]
A000504	a[n_] := n (n+1) (10n^2+15n+2) (2n+3)!! / 810; Array[a, 20] (* _Jean-François Alcover_, Feb 09 2016, after _Mark van Hoeij_ *)	[1, 56, 1918, 56980, 1636635, 47507460, 1422280860, 44346982680, 1446733012725, 49473074851200, 1774073543492250, 66681131440423500, 2624634287988087375, 108060337458000427500, 4647703259223579555000, 208548093035794902390000, 9749651260035434678555625]
A000521	a[n_] := SeriesCoefficient[ 12^3 KleinInvariantJ[Log[q]/(2 Pi I)], {q, 0, n}] (* _Leo C. Stein_, Feb 25 2024 *)	[1, 744, 196884, 21493760, 864299970, 20245856256, 333202640600, 4252023300096, 44656994071935, 401490886656000, 3176440229784420, 22567393309593600, 146211911499519294, 874313719685775360, 4872010111798142520, 25497827389410525184, 126142916465781843075]
A000522	RecurrenceTable[{a[n + 1] == (n + 1) a[n] + 1, a[0] == 1}, a, {n, 0, 12}] (* _Emanuele Munarini_, Apr 27 2017 *)	[1, 2, 5, 16, 65, 326, 1957, 13700, 109601, 986410, 9864101, 108505112, 1302061345, 16926797486, 236975164805, 3554627472076, 56874039553217, 966858672404690, 17403456103284421, 330665665962404000, 6613313319248080001, 138879579704209680022, 3055350753492612960485, 70273067330330098091156]
A000527	n = 35; s = 1/(1 - x) + O[x]^(n + 1); Do[s = s/(1 - x^k)^Coefficient[s, x^k] + O[x]^(n + 1), {k, 2, n}] ; S = s - 1; CoefficientList[4 (13 + 14 S + 3 S^2) (1 + S)/(1 - S)^7 + O[x]^n, x] (* _Jean-François Alcover_, Feb 09 2016 *)	[52, 472, 3224, 18888, 101340, 511120, 2465904, 11496144, 52165892, 231557064, 1009247192, 4331502840, 18346242492, 76822836544, 318485778848, 1308750158016, 5335993098340, 21603437175288, 86912657626392, 347660876627944, 1383457374046444, 5479086968052912, 21604984733546336, 84850331177724944, 332001521469767940, 1294589169323791912, 5031934808360234760, 19500424806065865400, 75360646947991208396, 290478417300879735680, 1116919455364101145920, 4284817000807140094464, 16402243457215852326116, 62659647762404302956856, 238910441445219175239480]
A000558	a /@ Range[2, 100] (* _Jean-François Alcover_, Mar 30 2021 *)	[1, 6, 32, 175, 1012, 6230, 40819, 283944, 2090424, 16235417, 132609666, 1135846062, 10175352709, 95108406130, 925496853980, 9357279554071, 98118527430960, 1065259283215810, 11956366813630835, 138539436100687988, 1655071323662574756, 20361556640795422729]
A000560	a[n_] := A000682[[n + 1]]/2;	[1, 2, 5, 12, 33, 87, 252, 703, 2105, 6099, 18689, 55639, 173423, 526937, 1664094, 5137233, 16393315, 51255709, 164951529, 521138861, 1688959630, 5382512216, 17547919924, 56335234064, 184596351277, 596362337295, 1962723402375]
A000560	a /@ Range[2, 44] (* _Jean-François Alcover_, Sep 03 2019 *)	[1, 2, 5, 12, 33, 87, 252, 703, 2105, 6099, 18689, 55639, 173423, 526937, 1664094, 5137233, 16393315, 51255709, 164951529, 521138861, 1688959630, 5382512216, 17547919924, 56335234064, 184596351277, 596362337295, 1962723402375]
A000560	a[n_] := A000136[[n + 1]]/(2 n + 2);	[1, 2, 5, 12, 33, 87, 252, 703, 2105, 6099, 18689, 55639, 173423, 526937, 1664094, 5137233, 16393315, 51255709, 164951529, 521138861, 1688959630, 5382512216, 17547919924, 56335234064, 184596351277, 596362337295, 1962723402375]
A000560	a /@ Range[2, 44] (* _Jean-François Alcover_, Sep 06 2019 *)	[1, 2, 5, 12, 33, 87, 252, 703, 2105, 6099, 18689, 55639, 173423, 526937, 1664094, 5137233, 16393315, 51255709, 164951529, 521138861, 1688959630, 5382512216, 17547919924, 56335234064, 184596351277, 596362337295, 1962723402375]
A000566	Table[n (5n - 3)/2, {n, 0, 50}] (* or *) LinearRecurrence[{3, -3, 1}, {0, 1, 7}, 50] (* _Harvey P. Dale_, Oct 13 2011 *)	[0, 1, 7, 18, 34, 55, 81, 112, 148, 189, 235, 286, 342, 403, 469, 540, 616, 697, 783, 874, 970, 1071, 1177, 1288, 1404, 1525, 1651, 1782, 1918, 2059, 2205, 2356, 2512, 2673, 2839, 3010, 3186, 3367, 3553, 3744, 3940, 4141, 4347, 4558, 4774, 4995, 5221, 5452, 5688]
A000566	(* For Mathematica 10.4+ *) Table[PolygonalNumber[RegularPolygon[7], n], {n, 0, 48}] (* _Arkadiusz Wesolowski_, Aug 27 2016 *)	[0, 1, 7, 18, 34, 55, 81, 112, 148, 189, 235, 286, 342, 403, 469, 540, 616, 697, 783, 874, 970, 1071, 1177, 1288, 1404, 1525, 1651, 1782, 1918, 2059, 2205, 2356, 2512, 2673, 2839, 3010, 3186, 3367, 3553, 3744, 3940, 4141, 4347, 4558, 4774, 4995, 5221, 5452, 5688]
A000567	Table[PolygonalNumber[RegularPolygon[8], n], {n, 0, 43}] (* _Arkadiusz Wesolowski_, Aug 27 2016 *)	[0, 1, 8, 21, 40, 65, 96, 133, 176, 225, 280, 341, 408, 481, 560, 645, 736, 833, 936, 1045, 1160, 1281, 1408, 1541, 1680, 1825, 1976, 2133, 2296, 2465, 2640, 2821, 3008, 3201, 3400, 3605, 3816, 4033, 4256, 4485, 4720, 4961, 5208, 5461]
A000567	LinearRecurrence[{3, -3, 1}, {1, 8, 21}, {0, 20}] (* _Eric W. Weisstein_, Sep 07 2017 *)	[0, 1, 8, 21, 40, 65, 96, 133, 176, 225, 280, 341, 408, 481, 560, 645, 736, 833, 936, 1045, 1160, 1281, 1408, 1541, 1680, 1825, 1976, 2133, 2296, 2465, 2640, 2821, 3008, 3201, 3400, 3605, 3816, 4033, 4256, 4485, 4720, 4961, 5208, 5461]
A000568	Table[Print["a(", n, ") = ", a[n]]; a[n], {n, 0, 25}] (* _Jean-François Alcover_, Nov 13 2017, after _Andrew Howroyd_ *)	[1, 1, 1, 2, 4, 12, 56, 456, 6880, 191536, 9733056, 903753248, 154108311168, 48542114686912, 28401423719122304, 31021002160355166848, 63530415842308265100288, 244912778438520759443245824, 1783398846284777975419600287232, 24605641171260376770598003978281472]
A000578	Accumulate[Table[3n^2+3n+1,{n,0,20}]] (* or *) LinearRecurrence[{4,-6,4,-1},{1,8,27,64},20](* _Harvey P. Dale_, Aug 18 2018 *)	[0, 1, 8, 27, 64, 125, 216, 343, 512, 729, 1000, 1331, 1728, 2197, 2744, 3375, 4096, 4913, 5832, 6859, 8000, 9261, 10648, 12167, 13824, 15625, 17576, 19683, 21952, 24389, 27000, 29791, 32768, 35937, 39304, 42875, 46656, 50653, 54872, 59319, 64000, 68921, 74088, 79507]
A000580	Binomial[Range[7,40],7] (* or *) LinearRecurrence[ {8,-28,56,-70,56,-28,8,-1},{1,8,36,120,330,792,1716,3432},40] (* _Harvey P. Dale_, Nov 28 2011 *)	[1, 8, 36, 120, 330, 792, 1716, 3432, 6435, 11440, 19448, 31824, 50388, 77520, 116280, 170544, 245157, 346104, 480700, 657800, 888030, 1184040, 1560780, 2035800, 2629575, 3365856, 4272048, 5379616, 6724520, 8347680, 10295472]
A000593	Array[Total[Divisors@ # /. d_ /; EvenQ@ d -> Nothing] &, {75}] (* _Michael De Vlieger_, Apr 07 2016 *)	[1, 1, 4, 1, 6, 4, 8, 1, 13, 6, 12, 4, 14, 8, 24, 1, 18, 13, 20, 6, 32, 12, 24, 4, 31, 14, 40, 8, 30, 24, 32, 1, 48, 18, 48, 13, 38, 20, 56, 6, 42, 32, 44, 12, 78, 24, 48, 4, 57, 31, 72, 14, 54, 40, 72, 8, 80, 30, 60, 24, 62, 32, 104, 1, 84, 48, 68, 18, 96, 48, 72, 13, 74, 38, 124]
A000594	(* first do *) Needs["NumberTheory`Ramanujan`"] (* then *) Table[ RamanujanTau[n], {n, 30}] (* _Dean Hickerson_, Jan 03 2003 *)	[1, -24, 252, -1472, 4830, -6048, -16744, 84480, -113643, -115920, 534612, -370944, -577738, 401856, 1217160, 987136, -6905934, 2727432, 10661420, -7109760, -4219488, -12830688, 18643272, 21288960, -25499225, 13865712, -73279080, 24647168]
A000594	RamanujanTau[Range[40]] (* The function RamanujanTau is now part of Mathematica's core language so there is no longer any need to load NumberTheory`Ramanujan` before using it *) (* _Harvey P. Dale_, Oct 12 2012 *)	[1, -24, 252, -1472, 4830, -6048, -16744, 84480, -113643, -115920, 534612, -370944, -577738, 401856, 1217160, 987136, -6905934, 2727432, 10661420, -7109760, -4219488, -12830688, 18643272, 21288960, -25499225, 13865712, -73279080, 24647168]
A000595	Table[a[n], {n, 0, 15}] (* _Jean-François Alcover_, Jul 08 2018, after _Andrew Howroyd_ *)	[1, 2, 10, 104, 3044, 291968, 96928992, 112282908928, 458297100061728, 6666621572153927936, 349390545493499839161856, 66603421985078180758538636288, 46557456482586989066031126651104256, 120168591267113007604119117625289606148096, 1152050155760474157553893461743236772303142428672]
A000596	a[n_] := SymmetricPolynomial[2, t[n]]	[4, 49, 273, 1023, 3003, 7462, 16422, 32946, 61446, 108031, 180895, 290745, 451269, 679644, 997084, 1429428, 2007768, 2769117, 3757117, 5022787, 6625311, 8632866, 11123490, 14185990, 17920890, 22441419, 27874539, 34362013, 42061513, 51147768, 61813752, 74271912]
A000596	Table[a[n], {n, 2, 32}]  (* A000596 *)	[4, 49, 273, 1023, 3003, 7462, 16422, 32946, 61446, 108031, 180895, 290745, 451269, 679644, 997084, 1429428, 2007768, 2769117, 3757117, 5022787, 6625311, 8632866, 11123490, 14185990, 17920890, 22441419, 27874539, 34362013, 42061513, 51147768, 61813752, 74271912]
A000608	{1} ~Join~ EulerInvTransform[Rest[A000112]] (* _Jean-François Alcover_, Dec 04 2019, updated Mar 17 2020 *)	[1, 1, 1, 3, 10, 44, 238, 1650, 14512, 163341, 2360719, 43944974, 1055019099, 32664984238, 1303143553205, 66900392672168, 4413439778321689]
A000612	a /@ Range[0, 9] (* _Jean-François Alcover_, Feb 04 2020, after _Alois P. Heinz_ *)	[1, 2, 6, 40, 1992, 18666624, 12813206169137152, 33758171486592987164087845043830784, 1435913805026242504952006868879460423834904914948818373264705576411070464]
A000629	Table[ PolyLog[n, 1/2], {n, 0, -18, -1}] (* _Robert G. Wilson v_, Aug 05 2010 *)	[1, 2, 6, 26, 150, 1082, 9366, 94586, 1091670, 14174522, 204495126, 3245265146, 56183135190, 1053716696762, 21282685940886, 460566381955706, 10631309363962710, 260741534058271802, 6771069326513690646, 185603174638656822266, 5355375592488768406230]
A000629	a[ n_] := If[ n<0, 0, PolyLog[ -n, 1/2]]; (* _Michael Somos_, Mar 07 2011 *)	[1, 2, 6, 26, 150, 1082, 9366, 94586, 1091670, 14174522, 204495126, 3245265146, 56183135190, 1053716696762, 21282685940886, 460566381955706, 10631309363962710, 260741534058271802, 6771069326513690646, 185603174638656822266, 5355375592488768406230]
A000632	Drop[CoefficientList[A[x], x], 2] (* _Jean-François Alcover_, Jan 10 2018 *)	[1, 2, 4, 9, 20, 45, 105, 249, 599, 1463, 3614, 9016, 22695, 57564, 146985, 377555, 974924, 2529308, 6589734, 17234114, 45228343, 119069228, 314368027, 832193902, 2208347917, 5873364623, 15653499416, 41800070483, 111821751649]
A000635	CoefficientList[A[x], x] (* _Jean-François Alcover_, Oct 21 2011, updated Jan 10 2018 *)	[0, 1, 2, 5, 12, 31, 80, 210, 555, 1479, 3959, 10652, 28760, 77910, 211624, 576221, 1572210, 4297733, 11767328, 32266801, 88594626, 243544919, 670228623, 1846283937, 5090605118, 14047668068, 38794922293, 107215238057, 296501478704]
A000640	CoefficientList[A[x], x] (* _Jean-François Alcover_, Jan 10 2018 *)	[0, 1, 4, 13, 42, 131, 402, 1218, 3657, 10899, 32298, 95257, 279844, 819390, 2392392, 6967956, 20250974, 58744089, 170118980, 491913999, 1420493862, 4096940530, 11803172152, 33970257473, 97678027311, 280624328431, 805587723862]
A000642	CoefficientList[A[x], x] (* _Jean-François Alcover_, Jun 28 2012, updated Jan 10 2018 *)	[0, 1, 1, 2, 3, 7, 14, 32, 72, 171, 405, 989, 2426, 6045, 15167, 38422, 97925, 251275, 648061, 1679869, 4372872, 11428365, 29972078, 78859809, 208094977, 550603722, 1460457242, 3882682803, 10344102122, 27612603765, 73844151259, 197818389539]
A000648	CoefficientList[A[x], x] (* _Jean-François Alcover_, Jan 10 2018 *)	[1, 3, 18, 61, 225, 716, 2272, 6826, 20238, 58552, 167625, 473929, 1330490, 3709591, 10296336, 28466065, 78481065, 215878221, 592832960, 1625887129, 4454936029, 12198071235, 33383810793, 91336813784, 249851178964, 683421422654]
A000650	CoefficientList[A[x], x] (* _Jean-François Alcover_, Jan 25 2012, updated Jan 10 2018 *)	[1, 2, 6, 12, 31, 72, 178, 430, 1071, 2654, 6680, 16858, 42926, 109778, 282490, 730028, 1895456, 4940094, 12923600, 33919416, 89301052, 235762572, 624057892, 1655817422, 4403189781, 11733247076, 31326037116, 83786187152, 224475807465]
A000654	Table[countit[n], {n, 1, 5}] (*  _Adam P. Goucher_, Feb 12 2021 *)	[1, 2, 52, 142090700, 17844701940501123640681816160, 59757436204078657410908164193971330396709572693816353610758085074676243846093824]
