A000003	a[1] = 1; a[n_] := (k0 = k /. FindRoot[EllipticK[1-k^2]/EllipticK[k^2] == Sqrt[n], {k, 1/2, 10^-10, 1}, WorkingPrecision -> 600, MaxIterations -> 100]; Exponent[ MinimalPolynomial[RootApproximant[k0^2, 24], x], x]/2); Table[Print["a(", n, ") = ", an = a[n]]; an, {n, 1, 100}] (* _Jean-François Alcover_, Jul 21 2015, after _Joerg Arndt_ *)	[1, 1, 1, 1, 2, 2, 1, 2, 2, 2, 3, 2, 2, 4, 2, 2, 4, 2, 3, 4, 4, 2, 3, 4, 2, 6, 3, 2, 6, 4, 3, 4, 4, 4, 6, 4, 2, 6, 4, 4, 8, 4, 3, 6, 4, 4, 5, 4, 4, 6, 6, 4, 6, 6, 4, 8, 4, 2, 9, 4, 6, 8, 4, 4, 8, 8, 3, 8, 8, 4, 7, 4, 4, 10, 6, 6, 8, 4, 5, 8, 6, 4, 9, 8, 4, 10, 6, 4, 12, 8, 6, 6, 4, 8, 8, 8, 4, 8, 6, 4]
A000009	a[ n_] := With[ {t = Log[q] / (2 Pi I)}, SeriesCoefficient[ q^(-1/24) DedekindEta[2 t] / DedekindEta[ t], {q, 0, n}]]; (* _Michael Somos_, Jul 06 2011 *)	[1, 1, 1, 2, 2, 3, 4, 5, 6, 8, 10, 12, 15, 18, 22, 27, 32, 38, 46, 54, 64, 76, 89, 104, 122, 142, 165, 192, 222, 256, 296, 340, 390, 448, 512, 585, 668, 760, 864, 982, 1113, 1260, 1426, 1610, 1816, 2048, 2304, 2590, 2910, 3264, 3658, 4097, 4582, 5120, 5718, 6378]
A000009	nmax = 60; CoefficientList[Series[Exp[Sum[(-1)^(k+1)/k*x^k/(1-x^k), {k, 1, nmax}]], {x, 0, nmax}], x] (* _Vaclav Kotesovec_, Aug 25 2015 *)	[1, 1, 1, 2, 2, 3, 4, 5, 6, 8, 10, 12, 15, 18, 22, 27, 32, 38, 46, 54, 64, 76, 89, 104, 122, 142, 165, 192, 222, 256, 296, 340, 390, 448, 512, 585, 668, 760, 864, 982, 1113, 1260, 1426, 1610, 1816, 2048, 2304, 2590, 2910, 3264, 3658, 4097, 4582, 5120, 5718, 6378]
A000013	mx=40;CoefficientList[Series[1-Sum[EulerPhi[2i] Log[1-2*x^i]/(2i),{i,1,mx}],{x,0,mx}],x] (* _Herbert Kociemba_, Nov 01 2016 *)	[1, 1, 2, 2, 4, 4, 8, 10, 20, 30, 56, 94, 180, 316, 596, 1096, 2068, 3856, 7316, 13798, 26272, 49940, 95420, 182362, 349716, 671092, 1290872, 2485534, 4794088, 9256396, 17896832, 34636834, 67110932, 130150588, 252648992, 490853416, 954444608, 1857283156, 3616828364]
A000025	CoefficientList[Series[(1+4Sum[(-1)^n q^(n(3n+1)/2)/(1+q^n), {n, 1, 10}])/Sum[(-1)^n q^(n(3n+1)/2), {n, -8, 8}], {q, 0, 100}], q] (* _N. J. A. Sloane_ *)	[1, 1, -2, 3, -3, 3, -5, 7, -6, 6, -10, 12, -11, 13, -17, 20, -21, 21, -27, 34, -33, 36, -46, 51, -53, 58, -68, 78, -82, 89, -104, 118, -123, 131, -154, 171, -179, 197, -221, 245, -262, 279, -314, 349, -369, 398, -446, 486, -515, 557, -614, 671, -715, 767, -845, 920, -977, 1046, -1148, 1244]
A000029	mx=40;CoefficientList[Series[(1-Sum[ EulerPhi[n]*Log[1-2*x^n]/n,{n,mx}]+(1+x)^2/(1-2*x^2))/2,{x,0,mx}],x] (* _Herbert Kociemba_, Nov 02 2016 *)	[1, 2, 3, 4, 6, 8, 13, 18, 30, 46, 78, 126, 224, 380, 687, 1224, 2250, 4112, 7685, 14310, 27012, 50964, 96909, 184410, 352698, 675188, 1296858, 2493726, 4806078, 9272780, 17920860, 34669602, 67159050, 130216124, 252745368, 490984488]
A000031	mx=40; CoefficientList[Series[1-Sum[EulerPhi[i] Log[1-2*x^i]/i,{i,1,mx}],{x,0,mx}],x] (*_Herbert Kociemba_, Oct 29 2016 *)	[1, 2, 3, 4, 6, 8, 14, 20, 36, 60, 108, 188, 352, 632, 1182, 2192, 4116, 7712, 14602, 27596, 52488, 99880, 190746, 364724, 699252, 1342184, 2581428, 4971068, 9587580, 18512792, 35792568, 69273668, 134219796, 260301176, 505294128, 981706832]
A000033	Table[n*Sum[(-1)^k*(2*n-k-1)!*(n-k)!/((2*n-2*k)!*(k-2)!),{k,2,n}],{n,1,20}] (* _Vaclav Kotesovec_, Oct 26 2012 *)	[0, 2, 3, 4, 40, 210, 1477, 11672, 104256, 1036050, 11338855, 135494844, 1755206648, 24498813794, 366526605705, 5851140525680, 99271367764480, 1783734385752162, 33837677493828171, 675799125332580020, 14173726082929399560, 311462297063636041906]
A000039	f[q_, s_] := Sum[q^(n^2)/Product[1+q^k, {k, n}]^2, {n, 0, s}]; Take[CoefficientList[Series[f[q, 100], {q, 0, 100}], q], {1, -1, 2}]	[1, -2, -3, -5, -6, -10, -11, -17, -21, -27, -33, -46, -53, -68, -82, -104, -123, -154, -179, -221, -262, -314, -369, -446, -515, -614, -715, -845, -977, -1148, -1321, -1544, -1778, -2060, -2361, -2736, -3121, -3592, -4097, -4696, -5340, -6105, -6916, -7882, -8919, -10123, -11429, -12952, -14580]
A000044	CoefficientList[Series[1/(1 - z - z^3 - z^5 - z^7 - z^9 - z^11), {z, 0, 200}], z] (* _Vladimir Joseph Stephan Orlovsky_, Jun 10 2011 *)	[1, 1, 1, 2, 3, 5, 8, 13, 21, 34, 55, 89, 144, 232, 375, 606, 979, 1582, 2556, 4130, 6673, 10782, 17421, 28148, 45480, 73484, 118732, 191841, 309967, 500829, 809214, 1307487, 2112571, 3413385, 5515174, 8911138, 14398164, 23263822, 37588502, 60733592, 98130253, 158553878, 256183302, 413927966, 668803781, 1080619176, 1746009572, 2821113574, 4558212008]
A000045	Table[2^n Sqrt @ Product[(Cos[Pi k/(n + 1)]^2 + 1/4), {k, n}] // FullSimplify, {n, 15}]; (* Kasteleyn's formula specialized, _Sarah-Marie Belcastro_, Jul 04 2009 *)	[0, 1, 1, 2, 3, 5, 8, 13, 21, 34, 55, 89, 144, 233, 377, 610, 987, 1597, 2584, 4181, 6765, 10946, 17711, 28657, 46368, 75025, 121393, 196418, 317811, 514229, 832040, 1346269, 2178309, 3524578, 5702887, 9227465, 14930352, 24157817, 39088169, 63245986, 102334155]
A000070	CoefficientList[ Series[1/(1 - x)*Product[1/(1 - x^k), {k, 75}], {x, 0, 45}], x] (* _Robert G. Wilson v_, Jul 13 2004 *)	[1, 2, 4, 7, 12, 19, 30, 45, 67, 97, 139, 195, 272, 373, 508, 684, 915, 1212, 1597, 2087, 2714, 3506, 4508, 5763, 7338, 9296, 11732, 14742, 18460, 23025, 28629, 35471, 43820, 53963, 66273, 81156, 99133, 120770, 146785, 177970, 215308, 259891, 313065, 376326, 451501]
A000070	Join[{1}, Accumulate[PartitionsP[Range[50]]]+1] (* _Harvey P. Dale, Mar 12 2013 *)	[1, 2, 4, 7, 12, 19, 30, 45, 67, 97, 139, 195, 272, 373, 508, 684, 915, 1212, 1597, 2087, 2714, 3506, 4508, 5763, 7338, 9296, 11732, 14742, 18460, 23025, 28629, 35471, 43820, 53963, 66273, 81156, 99133, 120770, 146785, 177970, 215308, 259891, 313065, 376326, 451501]
A000078	Table[RootSum[-1 -# -#^2 -#^3 +#^4 &, 10#^n +157#^(n+1) -103 #^(n+2) +16#^(n+3) &]/563, {n, 0, 40}]	[0, 0, 0, 1, 1, 2, 4, 8, 15, 29, 56, 108, 208, 401, 773, 1490, 2872, 5536, 10671, 20569, 39648, 76424, 147312, 283953, 547337, 1055026, 2033628, 3919944, 7555935, 14564533, 28074040, 54114452, 104308960, 201061985, 387559437, 747044834, 1439975216, 2775641472]
A000081	a[n_] := a[n] = If[n <= 1, n, Sum[a[n - j] DivisorSum[j, # a[#] &], {j, n - 1}]/(n - 1)]; Table[a[n], {n, 0, 30}] (* _Jan Mangaldan_, May 07 2014, after _Alois P. Heinz_ *)	[0, 1, 1, 2, 4, 9, 20, 48, 115, 286, 719, 1842, 4766, 12486, 32973, 87811, 235381, 634847, 1721159, 4688676, 12826228, 35221832, 97055181, 268282855, 743724984, 2067174645, 5759636510, 16083734329, 45007066269, 126186554308, 354426847597, 997171512998]
A000084	sequenceA000084[n_] := Module[{product, x}, product[1] = Series[1/(1 - x), {x, 0, n}]; product[k_] := product[k] = Series[product[k - 1]/(1 - x^k)^Coefficient[ product[k - 1], x^k], {x, 0, n}]; Quiet[Rest[CoefficientList[product[n], x]]]]; sequenceA000084[27] (* _Faris Nasybulin_, Apr 29 2015 *)	[1, 2, 4, 10, 24, 66, 180, 522, 1532, 4624, 14136, 43930, 137908, 437502, 1399068, 4507352, 14611576, 47633486, 156047204, 513477502, 1696305728, 5623993944, 18706733128, 62408176762, 208769240140, 700129713630, 2353386723912]
A000085	p[0, x] = 1; p[1, x] = x; p[k_, x_] := p[k, x] = x*p[k - 1, x] + (k - 1)*p[k - 2, x]; Table[Sum[CoefficientList[p[n, x], x][[m]], {m, 1, n + 1}], {n, 0, 15}] (* _Roger L. Bagula_, Oct 06 2006 *)	[1, 1, 2, 4, 10, 26, 76, 232, 764, 2620, 9496, 35696, 140152, 568504, 2390480, 10349536, 46206736, 211799312, 997313824, 4809701440, 23758664096, 119952692896, 618884638912, 3257843882624, 17492190577600, 95680443760576, 532985208200576, 3020676745975552]
A000085	a[n_] := Sum[StirlingS1[n, k]*2^k*BellB[k, 1/2], {k, 0, n}]; Table[a[n], {n, 0, 40}] (* _Jean-François Alcover_, Jul 18 2017, after _Emanuele Munarini_ *)	[1, 1, 2, 4, 10, 26, 76, 232, 764, 2620, 9496, 35696, 140152, 568504, 2390480, 10349536, 46206736, 211799312, 997313824, 4809701440, 23758664096, 119952692896, 618884638912, 3257843882624, 17492190577600, 95680443760576, 532985208200576, 3020676745975552]
A000088	a[n_] := Module[{s = 0}, Do[s += permcount[p]*2^edges[p], {p, IntegerPartitions[n]}]; s/n!];	[1, 1, 2, 4, 11, 34, 156, 1044, 12346, 274668, 12005168, 1018997864, 165091172592, 50502031367952, 29054155657235488, 31426485969804308768, 64001015704527557894928, 245935864153532932683719776, 1787577725145611700547878190848, 24637809253125004524383007491432768]
A000093	Table[ Floor[ Sqrt[n^3]], {n, 0, 60}]	[0, 1, 2, 5, 8, 11, 14, 18, 22, 27, 31, 36, 41, 46, 52, 58, 64, 70, 76, 82, 89, 96, 103, 110, 117, 125, 132, 140, 148, 156, 164, 172, 181, 189, 198, 207, 216, 225, 234, 243, 252, 262, 272, 281, 291, 301, 311, 322, 332, 343, 353, 364, 374, 385, 396, 407, 419, 430]
A000097	CoefficientList[Series[1/((1 - x) (1 - x^2) Product[1 - x^k, {k, 1, 100}]), {x, 0, 100}], x] (* _Ben Branman_, Mar 07 2012 *)	[1, 2, 5, 9, 17, 28, 47, 73, 114, 170, 253, 365, 525, 738, 1033, 1422, 1948, 2634, 3545, 4721, 6259, 8227, 10767, 13990, 18105, 23286, 29837, 38028, 48297, 61053, 76926, 96524, 120746, 150487, 187019, 231643, 286152, 352413, 432937, 530383, 648245]
A000098	Table[Length@IntegerPartitions[n, All, Range@n~Join~Range@3], {n,0,35}] (* _Robert Price_, Jul 28 2020 *)	[1, 2, 5, 10, 19, 33, 57, 92, 147, 227, 345, 512, 752, 1083, 1545, 2174, 3031, 4179, 5719, 7752, 10438, 13946, 18519, 24428, 32051, 41805, 54265, 70079, 90102, 115318, 147005, 186626, 236064, 297492, 373645, 467707]
A000101	s = {3}; gm = 1; Do[p = Prime[n + 1]; g = p - Prime[n]; If[g > gm, Print[p]; AppendTo[s, p]; gm = g], {n, 2, 1000000}]; s  (* _Jean-François Alcover_, Mar 31 2011 *)	[3, 5, 11, 29, 97, 127, 541, 907, 1151, 1361, 9587, 15727, 19661, 31469, 156007, 360749, 370373, 492227, 1349651, 1357333, 2010881, 4652507, 17051887, 20831533, 47326913, 122164969, 189695893, 191913031, 387096383, 436273291, 1294268779]
A000108	CoefficientList[InverseSeries[Series[x/Sum[x^n, {n, 0, 31}], {x, 0, 31}]]/x, x] (* _Mats Granvik_, Nov 24 2013 *)	[1, 1, 2, 5, 14, 42, 132, 429, 1430, 4862, 16796, 58786, 208012, 742900, 2674440, 9694845, 35357670, 129644790, 477638700, 1767263190, 6564120420, 24466267020, 91482563640, 343059613650, 1289904147324, 4861946401452, 18367353072152, 69533550916004, 263747951750360, 1002242216651368, 3814986502092304]
A000110	b[1] = 1; k = 1; Flatten[{1, Table[Do[j = k; k += b[m]; b[m] = j;, {m, 1, n-1}]; b[n] = k, {n, 1, 40}]}] (* _Vaclav Kotesovec_, Sep 07 2019 *)	[1, 1, 2, 5, 15, 52, 203, 877, 4140, 21147, 115975, 678570, 4213597, 27644437, 190899322, 1382958545, 10480142147, 82864869804, 682076806159, 5832742205057, 51724158235372, 474869816156751, 4506715738447323, 44152005855084346, 445958869294805289, 4638590332229999353, 49631246523618756274]
A000111	a[0] := 1; a[1] := 1; a[n_] := a[n] = 1/(n (n-1)) Sum[a[n-1-k] a[k] k, {k, 1, n-1}]; Map[#! a[#]&, Range[0, 26]] (* _Oliver Seipel_, May 27 2024 *)	[1, 1, 1, 2, 5, 16, 61, 272, 1385, 7936, 50521, 353792, 2702765, 22368256, 199360981, 1903757312, 19391512145, 209865342976, 2404879675441, 29088885112832, 370371188237525, 4951498053124096, 69348874393137901, 1015423886506852352, 15514534163557086905, 246921480190207983616, 4087072509293123892361]
A000114	a[n_] := If[n == 2, 3, b = n^2/2; For[d = 1, d <= n, d++, If[Mod[n, d] == 0 && PrimeQ[d], b = b*(1-d^-2)]]; b]; Table[a[n], {n, 2, 50}] (* _Jean-François Alcover_, Feb 04 2016, adapted from Maple *)	[3, 4, 6, 12, 12, 24, 24, 36, 36, 60, 48, 84, 72, 96, 96, 144, 108, 180, 144, 192, 180, 264, 192, 300, 252, 324, 288, 420, 288, 480, 384, 480, 432, 576, 432, 684, 540, 672, 576, 840, 576, 924, 720, 864, 792, 1104, 768, 1176, 900, 1152, 1008, 1404, 972, 1440]
A000116	a[n_] := Sum[ EulerPhi[2d]*2^(2n/d), {d, Divisors[2n]}]/(4n); a[0]=1; Table[a[n], {n, 0, 27}] (* _Jean-François Alcover_, Sep 13 2012, after _Alois P. Heinz_ *)	[1, 2, 4, 8, 20, 56, 180, 596, 2068, 7316, 26272, 95420, 349716, 1290872, 4794088, 17896832, 67110932, 252648992, 954444608, 3616828364, 13743921632, 52357746896, 199911300472, 764877836468, 2932031358484, 11258999739560, 43303843861744, 166799988689300]
A000117	b[0] = 1; b[n_] := (2^Floor[n/2] + (Table[EulerPhi[2d]*2^(n/d)/(2n), {d, Divisors[n]}] // Accumulate // Last))/2; a[n_] := b[2n]; Table[a[n], {n, 0, 30}] (* _Jean-François Alcover_, Mar 07 2014 *)	[1, 2, 4, 8, 18, 44, 122, 362, 1162, 3914, 13648, 48734, 176906, 649532, 2405236, 8964800, 33588234, 126390032, 477353376, 1808676326, 6872485104, 26179922024, 99957747388, 382443112538, 1466024067850, 5629516646996, 21651955485304, 83400061453514]
A000119	CoefficientList[ Normal@Series[ Product[ 1+z^Fibonacci[ k ], {k, 2, 13} ], {z, 0, 233} ], z ]	[1, 1, 1, 2, 1, 2, 2, 1, 3, 2, 2, 3, 1, 3, 3, 2, 4, 2, 3, 3, 1, 4, 3, 3, 5, 2, 4, 4, 2, 5, 3, 3, 4, 1, 4, 4, 3, 6, 3, 5, 5, 2, 6, 4, 4, 6, 2, 5, 5, 3, 6, 3, 4, 4, 1, 5, 4, 4, 7, 3, 6, 6, 3, 8, 5, 5, 7, 2, 6, 6, 4, 8, 4, 6, 6, 2, 7, 5, 5, 8, 3, 6, 6, 3, 7, 4, 4, 5, 1, 5, 5, 4, 8, 4, 7, 7, 3, 9, 6, 6, 9, 3, 8, 8, 5]
A000122	CoefficientList[ Sum[ x^(m^2), {m, -(n=10), n} ], x ]	[1, 2, 0, 0, 2, 0, 0, 0, 0, 2, 0, 0, 0, 0, 0, 0, 2, 0, 0, 0, 0, 0, 0, 0, 0, 2, 0, 0, 0, 0, 0, 0, 0, 0, 0, 0, 2, 0, 0, 0, 0, 0, 0, 0, 0, 0, 0, 0, 0, 2, 0, 0, 0, 0, 0, 0, 0, 0, 0, 0, 0, 0, 0, 0, 2, 0, 0, 0, 0, 0, 0, 0, 0, 0, 0, 0, 0, 0, 0, 0, 0, 2, 0, 0, 0, 0, 0, 0, 0, 0, 0, 0, 0, 0, 0, 0, 0, 0, 0, 0, 2, 0, 0, 0, 0]
A000123	Fold[Append[#1, Total[Take[Flatten[Transpose[{#1, #1}]], #2]]] &, {1}, Range[2, 49]] (* _Birkas Gyorgy_, Apr 18 2011 *)	[1, 2, 4, 6, 10, 14, 20, 26, 36, 46, 60, 74, 94, 114, 140, 166, 202, 238, 284, 330, 390, 450, 524, 598, 692, 786, 900, 1014, 1154, 1294, 1460, 1626, 1828, 2030, 2268, 2506, 2790, 3074, 3404, 3734, 4124, 4514, 4964, 5414, 5938, 6462, 7060, 7658, 8350, 9042, 9828]
A000124	FoldList[#1 + #2 &, 1, Range@ 50] (* _Robert G. Wilson v_, Feb 02 2011 *)	[1, 2, 4, 7, 11, 16, 22, 29, 37, 46, 56, 67, 79, 92, 106, 121, 137, 154, 172, 191, 211, 232, 254, 277, 301, 326, 352, 379, 407, 436, 466, 497, 529, 562, 596, 631, 667, 704, 742, 781, 821, 862, 904, 947, 991, 1036, 1082, 1129, 1177, 1226, 1276, 1327, 1379]
A000126	LinearRecurrence[{3,-2,-1,1},{1,2,4,8},40] (* or *) CoefficientList[ Series[-(1-x+x^3)/((x^2+x-1)(x-1)^2),{x,0,40}],x]  (* _Harvey P. Dale_, Apr 24 2011 *)	[1, 2, 4, 8, 15, 27, 47, 80, 134, 222, 365, 597, 973, 1582, 2568, 4164, 6747, 10927, 17691, 28636, 46346, 75002, 121369, 196393, 317785, 514202, 832012, 1346240, 2178279, 3524547, 5702855, 9227432, 14930318, 24157782, 39088133, 63245949]
A000129	Expand[Table[((1 + Sqrt[2])^n - (1 - Sqrt[2])^n)/(2Sqrt[2]), {n, 0, 30}]] (* _Artur Jasinski_, Dec 10 2006 *)	[0, 1, 2, 5, 12, 29, 70, 169, 408, 985, 2378, 5741, 13860, 33461, 80782, 195025, 470832, 1136689, 2744210, 6625109, 15994428, 38613965, 93222358, 225058681, 543339720, 1311738121, 3166815962, 7645370045, 18457556052, 44560482149, 107578520350, 259717522849]
A000130	S[n_] := S[n] = If[n<4, {1, 1, 2*t, 4*t+2*t^2}[[n+1]], Expand[(n+1-t)*S[n-1] - (1-t)*(n-2+3*t)*S[n-2] - (1-t)^2*(n-5+t)*S[n-3] + (1-t)^3*(n-3)*S[n-4]]]; a[n_] := Coefficient[S[n], t, 1]/2; Table[a[n], {n, 0, 30}] (* _Jean-François Alcover_, Mar 10 2014, after _Alois P. Heinz_ *)	[0, 0, 1, 2, 5, 20, 115, 790, 6217, 55160, 545135, 5938490, 70686805, 912660508, 12702694075, 189579135710, 3019908731105, 51139445487680, 917345570926087, 17376071107513090, 346563420097249645, 7259714390232227300, 159352909727731210835, 3657569576966074846118]
A000132	SquaresR[5,Range[0,50]] (* _Harvey P. Dale_, Aug 26 2011 *)	[1, 10, 40, 80, 90, 112, 240, 320, 200, 250, 560, 560, 400, 560, 800, 960, 730, 480, 1240, 1520, 752, 1120, 1840, 1600, 1200, 1210, 2000, 2240, 1600, 1680, 2720, 3200, 1480, 1440, 3680, 3040, 2250, 2800, 3280, 4160, 2800, 1920, 4320, 5040, 2800, 3472, 5920]
A000134	Table[BesselJZero[0, n] // Round, {n, 1, 40}] (* _Jean-François Alcover_, Feb 04 2016 *)	[2, 6, 9, 12, 15, 18, 21, 24, 27, 31, 34, 37, 40, 43, 46, 49, 53, 56, 59, 62, 65, 68, 71, 75, 78, 81, 84, 87, 90, 93, 97, 100, 103, 106, 109, 112, 115, 119, 122, 125, 128, 131, 134, 137, 141, 144, 147, 150, 153, 156, 159, 163, 166, 169, 172, 175, 178, 181, 185, 188]
A000138	nn=20;Range[0,nn]!CoefficientList[Series[Exp[-x^4/4]/(1-x),{x,0,nn}],x]  (* _Geoffrey Critzer_, Oct 28 2012 *)	[1, 1, 2, 6, 18, 90, 540, 3780, 31500, 283500, 2835000, 31185000, 372972600, 4848643800, 67881013200, 1018215198000, 16294848570000, 277012425690000, 4986223662420000, 94738249585980000, 1894745192712372000, 39789649046959812000, 875372279033115864000]
A000140	Flatten[{1, 1, Table[Coefficient[Expand[Product[Sum[x^k, {k, 0, m-1}], {m, 1, n}]], x^Floor[n*(n-1)/4]], {n, 3, 20}]}] (* _Vaclav Kotesovec_, May 13 2016 *)	[1, 1, 2, 6, 22, 101, 573, 3836, 29228, 250749, 2409581, 25598186, 296643390, 3727542188, 50626553988, 738680521142, 11501573822788, 190418421447330, 3344822488498265, 62119523114983224, 1214967840930909302, 24965661442811799655, 538134522243713149122]
A000140	Table[SeriesCoefficient[QPochhammer[x, x, n]/(1-x)^n, {x, 0, Floor[n*(n-1)/4]}], {n, 1, 20}] (* _Vaclav Kotesovec_, May 13 2016 *)	[1, 1, 2, 6, 22, 101, 573, 3836, 29228, 250749, 2409581, 25598186, 296643390, 3727542188, 50626553988, 738680521142, 11501573822788, 190418421447330, 3344822488498265, 62119523114983224, 1214967840930909302, 24965661442811799655, 538134522243713149122]
A000141	SquaresR[6,Range[0,50]] (* _Harvey P. Dale_, Aug 26 2011 *)	[1, 12, 60, 160, 252, 312, 544, 960, 1020, 876, 1560, 2400, 2080, 2040, 3264, 4160, 4092, 3480, 4380, 7200, 6552, 4608, 8160, 10560, 8224, 7812, 10200, 13120, 12480, 10104, 14144, 19200, 16380, 11520, 17400, 24960, 18396, 16440, 24480, 27200]
A000144	a[ n_] := SeriesCoefficient[ EllipticTheta[ 3, 0, q]^10, {q, 0, n}]; (* _Michael Somos_, Aug 26 2015 *)	[1, 20, 180, 960, 3380, 8424, 16320, 28800, 52020, 88660, 129064, 175680, 262080, 386920, 489600, 600960, 840500, 1137960, 1330420, 1563840, 2050344, 2611200, 2986560, 3358080, 4194240, 5318268, 5878440, 6299520, 7862400, 9619560]
A000144	nmax = 50; CoefficientList[Series[Product[(1 - x^k)^10 * (1 + x^k)^30 / (1 + x^(2*k))^20, {k, 1, nmax}], {x, 0, nmax}], x] (* _Vaclav Kotesovec_, Jun 24 2017 *)	[1, 20, 180, 960, 3380, 8424, 16320, 28800, 52020, 88660, 129064, 175680, 262080, 386920, 489600, 600960, 840500, 1137960, 1330420, 1563840, 2050344, 2611200, 2986560, 3358080, 4194240, 5318268, 5878440, 6299520, 7862400, 9619560]
A000145	nmax = 30; CoefficientList[Series[Product[(1 - x^(2*k))^12 * (1 + x^(2*k - 1))^24, {k, 1, nmax}], {x, 0, nmax}], x] (* _Vaclav Kotesovec_, Jul 10 2018 *)	[1, 24, 264, 1760, 7944, 25872, 64416, 133056, 253704, 472760, 825264, 1297056, 1938336, 2963664, 4437312, 6091584, 8118024, 11368368, 15653352, 19822176, 24832944, 32826112, 42517728, 51425088, 61903776, 78146664, 98021616]
A000146	Table[ BernoulliB[2 n] + Total[ 1/Select[ Prime /@ Range[n+1], Divisible[2n, #-1] &]], {n, 1, 22}] (* _Jean-François Alcover_, Oct 12 2011 *)	[1, 1, 1, 1, 1, 1, 2, -6, 56, -528, 6193, -86579, 1425518, -27298230, 601580875, -15116315766, 429614643062, -13711655205087, 488332318973594, -19296579341940067, 841693047573682616, -40338071854059455412, 2115074863808199160561, -120866265222965259346026]
A000153	nn = 20; Prepend[Range[0, nn]!CoefficientList[Series[Exp[-x]/(1 - x)^3, {x, 0, nn}], x], 0]  (* _Geoffrey Critzer_, Oct 28 2012 *)	[0, 1, 2, 7, 32, 181, 1214, 9403, 82508, 808393, 8743994, 103459471, 1328953592, 18414450877, 273749755382, 4345634192131, 73362643649444, 1312349454922513, 24796092486996338, 493435697986613143, 10315043624498196944]
A000153	a[ n_] := If[ n < 1, 0, (n - 1)! SeriesCoefficient[ Exp[ -x] / (1 - x)^3, {x, 0, n - 1}]]; (* _Michael Somos_, Jun 01 2013 *)	[0, 1, 2, 7, 32, 181, 1214, 9403, 82508, 808393, 8743994, 103459471, 1328953592, 18414450877, 273749755382, 4345634192131, 73362643649444, 1312349454922513, 24796092486996338, 493435697986613143, 10315043624498196944]
A000153	a[ n_] := SeriesCoefficient[ HypergeometricPFQ[ {1, 3}, {}, x / (x + 1)] x / (x + 1), {x, 0, n}]; (* _Michael Somos_, Jun 01 2013 *)	[0, 1, 2, 7, 32, 181, 1214, 9403, 82508, 808393, 8743994, 103459471, 1328953592, 18414450877, 273749755382, 4345634192131, 73362643649444, 1312349454922513, 24796092486996338, 493435697986613143, 10315043624498196944]
A000155	Table[Round[BesselK[n, 1]], {n, 0, 18}] (* _Ray Chandler_, Nov 28 2006 *)	[0, 1, 2, 7, 44, 361, 3654, 44207, 622552, 10005041, 180713290, 3624270839, 79914671748, 1921576392793, 50040900884366, 1403066801155039, 42142044935535536, 1349948504738292193, 45940391206037470098]
A000161	Length[PowersRepresentations[ #,2,2]] &/@Range[0,150] (* _Ant King_, Oct 05 2010 *)	[1, 1, 1, 0, 1, 1, 0, 0, 1, 1, 1, 0, 0, 1, 0, 0, 1, 1, 1, 0, 1, 0, 0, 0, 0, 2, 1, 0, 0, 1, 0, 0, 1, 0, 1, 0, 1, 1, 0, 0, 1, 1, 0, 0, 0, 1, 0, 0, 0, 1, 2, 0, 1, 1, 0, 0, 0, 0, 1, 0, 0, 1, 0, 0, 1, 2, 0, 0, 1, 0, 0, 0, 1, 1, 1, 0, 0, 0, 0, 0, 1, 1, 1, 0, 0, 2, 0, 0, 0, 1, 1, 0, 0, 0, 0, 0, 0, 1, 1, 0, 2, 1, 0, 0, 1, 0, 1, 0]
A000163	n = 25; s = 1/(1 - x) + O[x]^(n + 1); Do[s = s/(1 - x^k)^Coefficient[s, x^k] + O[x]^(n + 1), {k, 2, n}] ; S = s - 1; CoefficientList[2*(1 + S)/(1 - S)^3 + O[x]^n, x] (* _Jean-François Alcover_, Feb 09 2016 *)	[2, 8, 34, 136, 538, 2080, 7970, 30224, 113874, 426520, 1590338, 5906640, 21866794, 80725280, 297292610, 1092539736, 4007553922, 14675748416, 53663197698, 195962433328, 714734393378, 2603994002280, 9477643739746, 34463730424720]
A000164	Length[PowersRepresentations[ #, 3, 2]] & /@ Range[0, 104]	[1, 1, 1, 1, 1, 1, 1, 0, 1, 2, 1, 1, 1, 1, 1, 0, 1, 2, 2, 1, 1, 1, 1, 0, 1, 2, 2, 2, 0, 2, 1, 0, 1, 2, 2, 1, 2, 1, 2, 0, 1, 3, 1, 1, 1, 2, 1, 0, 1, 2, 3, 2, 1, 2, 3, 0, 1, 2, 1, 2, 0, 2, 2, 0, 1, 3, 3, 1, 2, 2, 1, 0, 2, 2, 3, 2, 1, 2, 1, 0, 1, 4, 2, 2, 1, 2, 3, 0, 1, 4, 3, 1, 0, 1, 2, 0, 1, 2, 3, 3, 2, 4, 2, 0, 2]
A000169	a[n_]:=Det[Table[If[i==0,1,If[i<=j,i,i-n]],{i,0,n-1},{j,0,n-1}]]; Array[a,20] (* _Stefano Spezia_, Mar 12 2024 *)	[1, 2, 9, 64, 625, 7776, 117649, 2097152, 43046721, 1000000000, 25937424601, 743008370688, 23298085122481, 793714773254144, 29192926025390625, 1152921504606846976, 48661191875666868481, 2185911559738696531968, 104127350297911241532841, 5242880000000000000000000]
A000172	a[ n_] := SeriesCoefficient[ Hypergeometric2F1[ 1/3, 2/3, 1, 27 x^2 / (1 - 2 x)^3] / (1 - 2 x), {x, 0, n}]; (* _Michael Somos_, Jul 16 2014 *)	[1, 2, 10, 56, 346, 2252, 15184, 104960, 739162, 5280932, 38165260, 278415920, 2046924400, 15148345760, 112738423360, 843126957056, 6332299624282, 47737325577620, 361077477684436, 2739270870994736, 20836827035351596, 158883473753259752, 1214171997616258240]
A000174	Table[PowersRepresentations[n, 5, 2] // Length, {n, 0, 100}] (* _Jean-François Alcover_, Feb 04 2016 *)	[1, 1, 1, 1, 2, 2, 1, 1, 2, 2, 2, 2, 2, 3, 2, 1, 3, 3, 3, 3, 4, 3, 3, 2, 2, 4, 4, 4, 4, 5, 3, 3, 4, 3, 5, 5, 5, 6, 5, 3, 5, 5, 5, 6, 5, 6, 5, 4, 4, 6, 7, 6, 8, 8, 7, 5, 6, 5, 8, 8, 4, 9, 7, 6, 7, 7, 8, 9, 9, 7, 9, 6, 7, 8, 10, 9, 9, 11, 7, 8, 8, 8, 11, 11, 9, 12, 11, 7, 9, 9, 12, 13, 9, 10, 11, 8, 6, 10, 13, 13, 13]
A000177	Table[PowersRepresentations[n, 6, 2] // Length, {n, 0, 100}] (* _Jean-François Alcover_, Feb 05 2016 *)	[1, 1, 1, 1, 2, 2, 2, 1, 2, 3, 2, 2, 3, 3, 3, 2, 3, 4, 4, 3, 5, 5, 4, 3, 4, 5, 5, 5, 5, 7, 6, 4, 5, 6, 6, 6, 9, 7, 8, 6, 6, 9, 7, 7, 9, 10, 8, 7, 7, 9, 10, 9, 11, 12, 13, 8, 10, 11, 10, 11, 11, 12, 13, 11, 9, 14, 13, 12, 16, 14, 14, 12, 13, 13, 15, 15, 15, 18, 16, 13, 14, 18, 15, 17, 20, 17, 21, 15, 15]
A000179	a[n_] := 2*n*Sum[(-1)^k*Binomial[2*n - k, k]*(n - k)!/(2*n - k), {k, 0, n}]; a[0] = 1; Table[a[n], {n, 0, 21}] (* _Jean-François Alcover_, Dec 05 2012, from 2nd formula *)	[1, -1, 0, 1, 2, 13, 80, 579, 4738, 43387, 439792, 4890741, 59216642, 775596313, 10927434464, 164806435783, 2649391469058, 45226435601207, 817056406224416, 15574618910994665, 312400218671253762, 6577618644576902053, 145051250421230224304, 3343382818203784146955, 80399425364623070680706, 2013619745874493923699123]
A000180	Range[0, 19]! CoefficientList[Series[Exp[-x]/(1 - 3 x), {x, 0, 19}], x] (* _Vincenzo Librandi_, Aug 15 2015 *)	[1, 2, 13, 116, 1393, 20894, 376093, 7897952, 189550849, 5117872922, 153536187661, 5066694192812, 182400990941233, 7113638646708086, 298772823161739613, 13444777042278282584, 645349298029357564033, 32912814199497235765682]
A000193	Round[Log[Range[100]]] (* _Paolo Xausa_, Jun 28 2024 *)	[0, 1, 1, 1, 2, 2, 2, 2, 2, 2, 2, 2, 3, 3, 3, 3, 3, 3, 3, 3, 3, 3, 3, 3, 3, 3, 3, 3, 3, 3, 3, 3, 3, 4, 4, 4, 4, 4, 4, 4, 4, 4, 4, 4, 4, 4, 4, 4, 4, 4, 4, 4, 4, 4, 4, 4, 4, 4, 4, 4, 4, 4, 4, 4, 4, 4, 4, 4, 4, 4, 4, 4, 4, 4, 4, 4, 4, 4, 4, 4, 4, 4, 4, 4]
A000196	a[ n_] := SeriesCoefficient[ (EllipticTheta[ 3, 0, x]  - 1) / (2 (1 - x)), {x, 0, n}]; (* _Michael Somos_, May 28 2014 *)	[0, 1, 1, 1, 2, 2, 2, 2, 2, 3, 3, 3, 3, 3, 3, 3, 4, 4, 4, 4, 4, 4, 4, 4, 4, 5, 5, 5, 5, 5, 5, 5, 5, 5, 5, 5, 6, 6, 6, 6, 6, 6, 6, 6, 6, 6, 6, 6, 6, 7, 7, 7, 7, 7, 7, 7, 7, 7, 7, 7, 7, 7, 7, 7, 8, 8, 8, 8, 8, 8, 8, 8, 8, 8, 8, 8, 8, 8, 8, 8, 8, 9, 9, 9, 9, 9, 9, 9, 9, 9, 9, 9, 9, 9, 9, 9, 9, 9, 9, 9, 10, 10]
A000198	a[n_] := a[n] = With[{t = Mod[n, 9]}, Which[ IntegerQ[Log[3, n]], 3^((1/2)*(n-1)),{q, r} = QuotientRemainder[n, 5]; r == 0 && IntegerQ[Log[3, q]], 5*3^((1/2)*(n-5)),{q, r} = QuotientRemainder[n, 7];r == 0 && IntegerQ[Log[3, q]], 7*3^((1/2)*(n-5)), {q, r} = QuotientRemainder[n, 3]; r == 0, 3^q*a[q],MemberQ[{1, 2, 4}, t], a[n-1],t == 8, Max[a[n-1], a[5]*a[n-5]], t == 5, Max[a[2]*a[n-2],a[5]*a[n-5], a[7]*a[n-7]],True, a[7]*a[n-7]]]; Table[a[n], {n, 1, 38}] (* _Jean-François Alcover_, Nov 12 2012, after _Alois P. Heinz_ *)	[1, 1, 3, 3, 5, 9, 21, 21, 81, 81, 81, 243, 243, 441, 1215, 1701, 1701, 6561, 6561, 6561, 45927, 45927, 45927, 137781, 137781, 229635, 1594323, 1594323, 1594323, 4782969, 4782969, 7971615, 14348907, 33480783, 33480783, 129140163, 129140163, 129140163]
A000199	f[q_, s_] := Sum[q^(n^2)/Product[1+q^k, {k, n}]^2, {n, 0, s}]; Take[CoefficientList[Series[f[q, 100 ], {q, 0, 100}], q], {2, -1, 2}]	[1, 3, 3, 7, 6, 12, 13, 20, 21, 34, 36, 51, 58, 78, 89, 118, 131, 171, 197, 245, 279, 349, 398, 486, 557, 671, 767, 920, 1046, 1244, 1421, 1667, 1898, 2225, 2525, 2937, 3333, 3856, 4367, 5034, 5683, 6521, 7365, 8409, 9473, 10795, 12133, 13775, 15466]
A000203	a[ n_] := SeriesCoefficient[ QPolyGamma[ 1, 1, q] / Log[q]^2, {q, 0, n}]; (* _Michael Somos_, Apr 25 2013 *)	[1, 3, 4, 7, 6, 12, 8, 15, 13, 18, 12, 28, 14, 24, 24, 31, 18, 39, 20, 42, 32, 36, 24, 60, 31, 42, 40, 56, 30, 72, 32, 63, 48, 54, 48, 91, 38, 60, 56, 90, 42, 96, 44, 84, 78, 72, 48, 124, 57, 93, 72, 98, 54, 120, 72, 120, 80, 90, 60, 168, 62, 96, 104, 127, 84, 144, 68, 126, 96, 144]
A000205	a[0] = a[1] = 1; a[n_] := a[n] = Module[{cnt, k, r, x, y}, For[cnt = a[n-1]; k = 2^(n-1)+1, k <= 2^n, k++, r = Reduce[x >= 0 && y >= 0 && k == x^2 + 3 y^2, {x, y}, Integers]; If[r =!= False, cnt++]]; cnt];	[1, 1, 3, 4, 8, 14, 25, 45, 82, 151, 282, 531, 1003, 1907, 3645, 6993, 13456, 25978, 50248, 97446, 189291, 368338, 717804, 1400699, 2736534, 5352182, 10478044, 20531668, 40264582, 79022464, 155196838, 304997408, 599752463, 1180027022, 2322950591, 4575114295]
A000206	a[0] = 1; a11[n_] := Fold[#1 + EulerPhi[2*#2]*(2^(n/#2)/(2*n)) & , 2^Floor[n/2], Divisors[n]]/2; a[(n_)?EvenQ] := (a11[2*n] + a11[n] + 4^(n/2 - 1) - 2^(n/2 - 1))/2; a[(n_)?OddQ] := a11[2*n]/2; Table[a[n], {n, 0, 26}] (* _Jean-François Alcover_, Sep 01 2011, after PARI prog. *)	[1, 1, 3, 4, 12, 22, 71, 181, 618, 1957, 6966, 24367, 89010, 324766, 1204815, 4482400, 16802826, 63195016, 238711285, 904338163, 3436380192, 13089961012, 49979421837, 191221556269, 733014218506, 2814758323498, 10825986453978, 41700030726757, 160842946895004]
A000208	a[0] = 1; a13[0] = 1; a13[n_] := Fold[#1 + EulerPhi[2*#2]*(2^(n/#2)/(2*n)) & , 0, Divisors[n]]; a[(n_)?OddQ] := (a13[2*(n + 1)] + a13[n + 1])/2; a[(n_)?EvenQ] := a13[2*(n + 1)]/2; Table[a[n], {n, 0, 24}] (* _Jean-François Alcover_, Sep 01 2011, after PARI prog. *)	[1, 1, 3, 4, 12, 28, 94, 298, 1044, 3658, 13164, 47710, 174948, 645436, 2397342, 8948416, 33556500, 126324496, 477225962, 1808414182, 6871973952, 26178873448, 99955697946, 382438918234, 1466015854100, 5629499869780]
A000213	Table[RootSum[-1 - # - #^2 + #^3 &, 2 #^n - 4 #^(n + 1) + 3 #^(n + 2) &]/11, {n, 0, 45}] (* _Eric W. Weisstein_, Apr 10 2018 *)	[1, 1, 1, 3, 5, 9, 17, 31, 57, 105, 193, 355, 653, 1201, 2209, 4063, 7473, 13745, 25281, 46499, 85525, 157305, 289329, 532159, 978793, 1800281, 3311233, 6090307, 11201821, 20603361, 37895489, 69700671, 128199521, 235795681, 433695873, 797691075, 1467182629]
A000217	FoldList[#1 + #2 &, 0, Range@ 50] (* _Robert G. Wilson v_, Feb 02 2011 *)	[0, 1, 3, 6, 10, 15, 21, 28, 36, 45, 55, 66, 78, 91, 105, 120, 136, 153, 171, 190, 210, 231, 253, 276, 300, 325, 351, 378, 406, 435, 465, 496, 528, 561, 595, 630, 666, 703, 741, 780, 820, 861, 903, 946, 990, 1035, 1081, 1128, 1176, 1225, 1275, 1326, 1378, 1431]
A000218	NestList[Total[IntegerDigits[#]^2]&, 3, 80] (* _Vincenzo Librandi_, Jan 29 2013 *)	[3, 9, 81, 65, 61, 37, 58, 89, 145, 42, 20, 4, 16, 37, 58, 89, 145, 42, 20, 4, 16, 37, 58, 89, 145, 42, 20, 4, 16, 37, 58, 89, 145, 42, 20, 4, 16, 37, 58, 89, 145, 42, 20, 4, 16, 37, 58, 89, 145, 42, 20, 4, 16, 37, 58, 89, 145, 42, 20, 4, 16, 37, 58, 89, 145, 42, 20, 4, 16, 37]
A000219	CoefficientList[Series[Product[(1 - x^k)^-k, {k, 64}], {x, 0, 64}], x]	[1, 1, 3, 6, 13, 24, 48, 86, 160, 282, 500, 859, 1479, 2485, 4167, 6879, 11297, 18334, 29601, 47330, 75278, 118794, 186475, 290783, 451194, 696033, 1068745, 1632658, 2483234, 3759612, 5668963, 8512309, 12733429, 18974973, 28175955, 41691046, 61484961, 90379784, 132441995, 193487501, 281846923]
A000219	a[0] = 1; a[n_] := a[n] = Sum[a[n - j] DivisorSigma[2, j], {j, n}]/n; Table[a[n], {n, 0, 50}] (* _Jean-François Alcover_, Sep 21 2015, after _Alois P. Heinz_ *)	[1, 1, 3, 6, 13, 24, 48, 86, 160, 282, 500, 859, 1479, 2485, 4167, 6879, 11297, 18334, 29601, 47330, 75278, 118794, 186475, 290783, 451194, 696033, 1068745, 1632658, 2483234, 3759612, 5668963, 8512309, 12733429, 18974973, 28175955, 41691046, 61484961, 90379784, 132441995, 193487501, 281846923]
A000219	CoefficientList[Series[Exp[Sum[DivisorSigma[2, n] x^n/n, {n, 50}]], {x, 0, 50}], x] (* _Eric W. Weisstein_, Feb 01 2018 *)	[1, 1, 3, 6, 13, 24, 48, 86, 160, 282, 500, 859, 1479, 2485, 4167, 6879, 11297, 18334, 29601, 47330, 75278, 118794, 186475, 290783, 451194, 696033, 1068745, 1632658, 2483234, 3759612, 5668963, 8512309, 12733429, 18974973, 28175955, 41691046, 61484961, 90379784, 132441995, 193487501, 281846923]
A000222	max = 30; f[x_, y_] := Sum[n!*((x*y)^n/(1+x*(y-1))^(2*n+1)), {n, 0, max}]; t = MapIndexed[Take[#1, First[#2]]&, CoefficientList[Series[f[x, y], {x, 0, max}, {y, 0, max}], {x, y}]] ; a[0] = a[1] = 0; a[n_] := t[[n+1, n-1]]; Table[a[n], {n, 0, max}] (* _Jean-François Alcover_, Mar 11 2014, after _Vladeta Jovovic_ *)	[0, 0, 1, 3, 6, 38, 213, 1479, 11692, 104364, 1036809, 11344859, 135548466, 1755739218, 24504637741, 366596136399, 5852040379224, 99283915922264, 1783921946910417, 33840669046326579, 675849838112277598, 14174636583759324798]
A000223	nmax = 3*10^4; P[n_] := Sum[SquaresR[3, k], {k, 0, n}] - Round[(4/3)*Pi* n^(3/2)]; record = 0; A000223 = Reap[For[n = 1, n <= nmax, n++, If[(p = Abs[pn = P[n]]) > record, record = p; Print[pn]; Sow[pn]]]][[2, 1]] (* _Jean-François Alcover_, Feb 05 2016 *)	[3, 7, 10, 19, 32, 34, 37, 51, 81, 119, 122, 134, 157, 160, 161, 174, 221, 252, 254, 294, 305, 309, 364, 371, 405, 580, 682, 734, 756, 763, 776, 959, 1028, 1105, 1120, 1170, 1205, 1550, 1570, 1576, 1851, 1930, 2028, 2404, 2411, 2565, 2675, 2895, 2905, 2940, 3133, 3211, 3240, 3428]
A000224	Length[Union[#]]& /@ Table[Mod[k^2, n], {n, 65}, {k, n}] (* _Jean-François Alcover_, Aug 30 2011 *)	[1, 2, 2, 2, 3, 4, 4, 3, 4, 6, 6, 4, 7, 8, 6, 4, 9, 8, 10, 6, 8, 12, 12, 6, 11, 14, 11, 8, 15, 12, 16, 7, 12, 18, 12, 8, 19, 20, 14, 9, 21, 16, 22, 12, 12, 24, 24, 8, 22, 22, 18, 14, 27, 22, 18, 12, 20, 30, 30, 12, 31, 32, 16, 12, 21, 24, 34, 18, 24, 24, 36, 12]
A000224	a[2] = 2; a[n_] := a[n] = Switch[fi = FactorInteger[n], {{_, 1}}, (fi[[1, 1]] + 1)/2, {{2, _}}, 3/2 + 2^fi[[1, 2]]/6 + (-1)^(fi[[1, 2]]+1)/6, {{_, _}}, {p, k} = fi[[1]]; 3/4 + (p-1)*(-1)^(k+1)/(4*(p+1)) + p^(k+1)/(2*(p+1)), _, Times @@ Table[ a[Power @@ f], {f, fi}]]; Table[a[n], {n, 1, 100}] (* _Jean-François Alcover_, Mar 09 2015 *)	[1, 2, 2, 2, 3, 4, 4, 3, 4, 6, 6, 4, 7, 8, 6, 4, 9, 8, 10, 6, 8, 12, 12, 6, 11, 14, 11, 8, 15, 12, 16, 7, 12, 18, 12, 8, 19, 20, 14, 9, 21, 16, 22, 12, 12, 24, 24, 8, 22, 22, 18, 14, 27, 22, 18, 12, 20, 30, 30, 12, 31, 32, 16, 12, 21, 24, 34, 18, 24, 24, 36, 12]
A000225	CoefficientList[Series[1/(1 - 3 x + 2 x^2), {x, 0, 20}], x] (* _Eric W. Weisstein_, Sep 21 2017 *)	[0, 1, 3, 7, 15, 31, 63, 127, 255, 511, 1023, 2047, 4095, 8191, 16383, 32767, 65535, 131071, 262143, 524287, 1048575, 2097151, 4194303, 8388607, 16777215, 33554431, 67108863, 134217727, 268435455, 536870911, 1073741823, 2147483647, 4294967295, 8589934591]
A000226	terms = 30; r[_] = 0; Do[r[x_] = x *Exp[Sum[r[x^k]/k, {k, 1, j}]] + O[x]^j // Normal, {j, 1, terms+3}]; A[x_] = (r[x]^3 + 3*r[x]*r[x^2] + 2*r[x^3])/6 + O[x]^(terms+3); Drop[CoefficientList[A[x], x], 3] (* _Jean-François Alcover_, Nov 23 2011, updated Jan 11 2018 *)	[1, 1, 3, 7, 18, 44, 117, 299, 793, 2095, 5607, 15047, 40708, 110499, 301541, 825784, 2270211, 6260800, 17319689, 48042494, 133606943, 372430476, 1040426154, 2912415527, 8167992598, 22947778342, 64577555147, 182009003773, 513729375064, 1452007713130]
A000229	leastNonRes[p_] := For[q = 2, True, q = NextPrime[q], If[JacobiSymbol[q, p] != 1, Return[q]]]; a[1] = 3; a[n_] := For[pn = Prime[n]; k = 1, True, k++, an = Prime[k]; If[pn == leastNonRes[an], Print[n, " ", an];  Return[an]]]; Array[a, 20] (* _Jean-François Alcover_, Nov 28 2015 *)	[3, 7, 23, 71, 311, 479, 1559, 5711, 10559, 18191, 31391, 422231, 701399, 366791, 3818929, 9257329, 22000801, 36415991, 48473881, 175244281, 120293879, 427733329, 131486759, 3389934071, 2929911599, 7979490791, 36504256799, 23616331489, 89206899239, 121560956039]
A000230	Join[{2}, With[{pr = Partition[Prime[Range[86000]], 2, 1]}, Transpose[ Flatten[ Table[Select[pr, #[[2]] - #[[1]] == 2n &, 1], {n, 50}], 1]][[1]]]] (* _Harvey P. Dale_, Apr 20 2012 *)	[2, 3, 7, 23, 89, 139, 199, 113, 1831, 523, 887, 1129, 1669, 2477, 2971, 4297, 5591, 1327, 9551, 30593, 19333, 16141, 15683, 81463, 28229, 31907, 19609, 35617, 82073, 44293, 43331, 34061, 89689, 162143, 134513, 173359, 31397, 404597, 212701, 188029, 542603, 265621, 461717, 155921, 544279, 404851, 927869, 1100977, 360653, 604073]
A000232	max = 10^4; triangle = NestList[Abs[Differences[#]] &, Prime[Range[max]], max]; a[n_] := (p = Position[triangle[[n + 1]], k_ /; k > 2, 1, 1]; If[p == {}, Nothing, p[[1, 1]] - 1]); Table[a[n], {n, 1, Sqrt[max]}] (* _Jean-François Alcover_, Feb 06 2016 *)	[3, 8, 14, 14, 25, 24, 23, 22, 25, 59, 98, 97, 98, 97, 174, 176, 176, 176, 176, 291, 290, 289, 740, 874, 873, 872, 873, 872, 871, 870, 869, 868, 867, 866, 2180, 2179, 2178, 2177, 2771, 2770, 2769, 2768, 2767, 2766, 2765, 2764, 2763, 2763, 2763, 2763, 3366, 4208, 4207]
A000233	amax = 50; nmax = 1; km0 = 10; Clear[cc]; L[a_, s_, km_] := Sum[ JacobiSymbol[-a, 2 k + 1]/(2 k + 1)^s, {k, 0, km}]; c[1, n_, km_] := 2 (2 n)! L[1, 2 n + 1, km] (2/Pi)^(2 n + 1) // Round; c[a_ /; a > 1, n_, km_] := (2 n)! L[a, 2 n + 1, km] (2 a/Pi)^(2 n + 1)/Sqrt[a] // Round; cc[km_] := cc[km] = Table[c[a, n, km], {a, 1, amax}, {n, 0, nmax}]; cc[km0]; cc[ km = 2 km0]; While[cc[km] != cc[km/2, km = 2 km]]; A000233 = cc[km][[All, 2]] (* _Jean-François Alcover_, Feb 06 2016 *)	[1, 3, 8, 16, 30, 46, 64, 96, 126, 158, 216, 256, 302, 396, 448, 512, 636, 702, 792, 960, 1052, 1118, 1344, 1472, 1550, 1866, 1944, 2048, 2442, 2540, 2688, 3072, 3212, 3388, 3888, 4032, 4094, 4746, 4928, 5056, 5832, 5852, 5976, 6912, 7020, 7180, 8064, 8192]
A000234	fs[n_] := Floor[Simplify[n]]; a[i_, m_, k_] := a[i, m, k] = Module[{s, l, j, m2}, If[k == 1, Return[1], s = 0; l = fs[m^(3/2)]; For[j = 1, j <= Min[l, i], j++, m2 = m - j^(2/3); If[fs[m2] >= 1, s = s + a[j, m2, k-1] ]; s = s+1]; Return[s]]]; A000234 = Table[an = a[fs[n^(3/2)], n, n]; Print["a(", n, ") = ", an]; an, {n, 1, 19}] (* _Jean-François Alcover_, Feb 06 2016, after Herman Jamke *)	[1, 3, 8, 18, 37, 72, 136, 251, 445, 770, 1312, 2202, 3632, 5908, 9501, 15111, 23781, 37083, 57293, 87813, 133530, 201574, 302265, 450317, 666743, 981488, 1437003, 2092976, 3033253, 4375104, 6282026, 8981046, 12786327, 18131492, 25612628]
A000239	S[n_] := S[n] = If[n<4, {1, 1, 2*t, 4*t + 2*t^2}[[n+1]], (n+1-t)* S[n-1] - (1-t)*(n-2+3*t)*S[n-2] - (1-t)^2*(n-5+t)*S[n-3] + (1-t)^3*(n-3)*S[n-4]]; A000239 = Join[{1}, Table[Coefficient[S[n], t, 1]/2, {n, 1, 20}] // Accumulate // Rest] (* _Jean-François Alcover_, Feb 06 2016, from successive accumulation of A000130 *)	[1, 1, 3, 8, 28, 143, 933, 7150, 62310, 607445, 6545935, 77232740, 989893248, 13692587323, 203271723033, 3223180454138, 54362625941818, 971708196867905, 18347779304380995, 364911199401630640, 7624625589633857940, 166977535317365068775, 3824547112283439914893, 91440772473772839055238]
A000240	Table[n!*Sum[(-1)^k/k!,{k,0,n-1}],{n,1,25}] (* _Vaclav Kotesovec_, Sep 26 2012 *)	[1, 0, 3, 8, 45, 264, 1855, 14832, 133497, 1334960, 14684571, 176214840, 2290792933, 32071101048, 481066515735, 7697064251744, 130850092279665, 2355301661033952, 44750731559645107, 895014631192902120, 18795307255050944541, 413496759611120779880]
A000242	max = 29; b[n_] := b[n] = If[n <= 1, n, Sum[k*b[k]*s[n-1, k], {k, 1, n-1}]/(n-1)]; s[n_, k_] := s[n, k] = Sum[ b[n+1-j*k], {j, 1, Quotient[n, k]}]; f[x_] := Sum[ b[k]*x^k, {k, 0, max}]; Drop[ CoefficientList[ Series[f[x]^3, {x, 0, max}], x], 3] (* _Jean-François Alcover_, Oct 25 2011, after _Alois P. Heinz_ *)	[1, 3, 9, 25, 69, 186, 503, 1353, 3651, 9865, 26748, 72729, 198447, 543159, 1491402, 4107152, 11342826, 31408719, 87189987, 242603970, 676524372, 1890436117, 5292722721, 14845095153, 41708679697, 117372283086, 330795842217]
A000243	b[n_] := b[n] = If[ n <= 1 , n, Sum[k*b[k]*s[n - 1, k], {k, 1, n - 1}]/(n - 1) ]; s[n_, k_] := s[n, k] = Sum[ b[n + 1 - j*k], {j, 1, Quotient[n, k]}]; B[n_] := B[n] = Sum[ b[k]*x^k, {k, 1, n}]; a[n_] := Coefficient[ Series[ B[n - 1]^2/(1 - B[n - 1]), {x, 0, n + 1}], x, n]; Table[ a[n], {n, 2, 27}] (* _Jean-François Alcover_, Jan 25 2012, translated from Maple *)	[1, 3, 9, 26, 75, 214, 612, 1747, 4995, 14294, 40967, 117560, 337830, 972027, 2800210, 8075889, 23315775, 67380458, 194901273, 564239262, 1634763697, 4739866803, 13752309730, 39926751310, 115988095896, 337138003197]
A000245	Table[3(2n)!/((n+2)!(n-1)!),{n,0,30}] (* or *) Table[3*Binomial[2n,n-1]/(n+2),{n,0,30}] (* or *) Differences[CatalanNumber[Range[0,31]]] (* _Harvey P. Dale_, Jul 13 2011 *)	[0, 1, 3, 9, 28, 90, 297, 1001, 3432, 11934, 41990, 149226, 534888, 1931540, 7020405, 25662825, 94287120, 347993910, 1289624490, 4796857230, 17902146600, 67016296620, 251577050010, 946844533674, 3572042254128, 13505406670700, 51166197843852, 194214400834356]
A000246	CoefficientList[Series[Sqrt[(1+x)/(1-x)], {x, 0, 50}], x]*Table[k!, {k, 0, 20}] (* _Stefano Spezia_, Oct 07 2018 *)	[1, 1, 1, 3, 9, 45, 225, 1575, 11025, 99225, 893025, 9823275, 108056025, 1404728325, 18261468225, 273922023375, 4108830350625, 69850115960625, 1187451971330625, 22561587455281875, 428670161650355625, 9002073394657468125, 189043541287806830625]
A000248	CoefficientList[Series[Exp[x Exp[x]],{x,0,20}],x]*Table[n!,{n,0,20}]	[1, 1, 3, 10, 41, 196, 1057, 6322, 41393, 293608, 2237921, 18210094, 157329097, 1436630092, 13810863809, 139305550066, 1469959371233, 16184586405328, 185504221191745, 2208841954063318, 27272621155678841, 348586218389733556, 4605223387997411873]
A000249	Table[BesselK[n, 5] // Round, {n, 0, 25}] (* _Jean-François Alcover_, Feb 06 2016 *)	[0, 0, 0, 0, 0, 0, 0, 0, 1, 3, 10, 42, 193, 966, 5215, 30170, 186234, 1222065, 8496274, 62395234, 482700052, 3923995651, 33444263516, 298233514595, 2777192597789, 26959282453367, 272370017131462, 2859607460620573, 31156130591833647, 351808270089157421]
A000253	nn=50; a=x^2/(1-x)^2; Drop[CoefficientList[Series[a x/(1-a x)/(1-2x), {x,0,nn}], x], 2] (* _Geoffrey Critzer_, Nov 26 2013 *)	[0, 1, 4, 11, 27, 63, 142, 312, 673, 1432, 3015, 6295, 13055, 26926, 55284, 113081, 230572, 468883, 951347, 1926527, 3894878, 7863152, 15855105, 31936240, 64269135, 129234351, 259690239, 521524126, 1046810092, 2100221753, 4212028452, 8444387067]
A000255	a[ n_] := If[ n < 0, 0, n! SeriesCoefficient[ Exp[ -x] / (1 - x)^2, {x, 0, n}]] (* _Michael Somos_, Jun 01 2013 *)	[1, 1, 3, 11, 53, 309, 2119, 16687, 148329, 1468457, 16019531, 190899411, 2467007773, 34361893981, 513137616783, 8178130767479, 138547156531409, 2486151753313617, 47106033220679059, 939765362752547227, 19690321886243846661, 432292066866171724421]
A000258	Table[Sum[BellY[n, k, BellB[Range[n]]], {k, 0, n}], {n, 0, 20}] (* _Vladimir Reshetnikov_, Nov 09 2016 *)	[1, 1, 3, 12, 60, 358, 2471, 19302, 167894, 1606137, 16733779, 188378402, 2276423485, 29367807524, 402577243425, 5840190914957, 89345001017415, 1436904211547895, 24227076487779802, 427187837301557598, 7859930038606521508, 150601795280158255827]
A000262	a[ n_]:= If[ n<0, 0, n! SeriesCoefficient[ Exp[x/(1-x)], {x, 0, n}]]; (* _Michael Somos_, Jul 19 2005 *)	[1, 1, 3, 13, 73, 501, 4051, 37633, 394353, 4596553, 58941091, 824073141, 12470162233, 202976401213, 3535017524403, 65573803186921, 1290434218669921, 26846616451246353, 588633468315403843, 13564373693588558173, 327697927886085654441, 8281153039765859726341]
A000262	a[n_]:=If[n==0, 1, n! Sum[Binomial[n-1, j]/(j+1)!, {j, 0, n-1}]]; Table[a[n], {n, 0, 30}] (* Wilf *)	[1, 1, 3, 13, 73, 501, 4051, 37633, 394353, 4596553, 58941091, 824073141, 12470162233, 202976401213, 3535017524403, 65573803186921, 1290434218669921, 26846616451246353, 588633468315403843, 13564373693588558173, 327697927886085654441, 8281153039765859726341]
A000262	a[ n_]:= If[ n<0, 0, n! SeriesCoefficient[ Product[ QPochhammer[x^k]^(-MoebiusMu[k]/k), {k, n}], {x, 0, n}]]; (* _Michael Somos_, Jun 02 2019 *)	[1, 1, 3, 13, 73, 501, 4051, 37633, 394353, 4596553, 58941091, 824073141, 12470162233, 202976401213, 3535017524403, 65573803186921, 1290434218669921, 26846616451246353, 588633468315403843, 13564373693588558173, 327697927886085654441, 8281153039765859726341]
A000268	max = 20; CoefficientList[-Log[1 + Log[1 + Log[1 - x]]]/x + O[x]^max, x] * Range[max]! (* _Jean-François Alcover_, Feb 06 2016 *)	[1, 3, 15, 105, 947, 10472, 137337, 2085605, 36017472, 697407850, 14969626900, 352877606716, 9064191508018, 252024567201300, 7542036496650006, 241721880399970938, 8261159383595659128, 299916384730043070880, 11526945327529620432872, 467583770376898192016104]
A000270	max = 20; f[x_] := 1+(1-x)/(1+x)*Sum[ n*n!*(x/(1+x)^2)^n, {n, 0, max}]; CoefficientList[ Series[ f[x], {x, 0, max}], x] (* _Jean-François Alcover_, Dec 09 2011, after _Vladeta Jovovic_ *)	[1, 1, 0, 3, 16, 95, 672, 5397, 48704, 487917, 5373920, 64547175, 839703696, 11762247419, 176509466560, 2825125339305, 48040633506048, 864932233294681, 16436901752820288, 328791893988472843, 6905593482159150480, 151941269284478380119, 3495011687269591273312]
A000271	Table[Sum[(-1)^(n - k) k! Binomial[n + k, 2 k], {k, 0, n}], {n, 0, 22}] (* _Jean-François Alcover_, Apr 11 2011, after _Paul Barry_ *)	[1, 0, 0, 1, 3, 16, 96, 675, 5413, 48800, 488592, 5379333, 64595975, 840192288, 11767626752, 176574062535, 2825965531593, 48052401132800, 865108807357216, 16439727718351881, 328839946389605643, 6906458590966507696]
A000272	a[ n_] := If[ n < 1, Boole[n == 0], With[ {m = n - 1}, m! SeriesCoefficient[ Nest[ 1 + Integrate[ #^2 / (1 - x #), x] &, 1 + O[x], m], {x, 0, m}]]]; (* _Michael Somos_, May 25 2014 *)	[1, 1, 1, 3, 16, 125, 1296, 16807, 262144, 4782969, 100000000, 2357947691, 61917364224, 1792160394037, 56693912375296, 1946195068359375, 72057594037927936, 2862423051509815793, 121439531096594251776, 5480386857784802185939]
A000273	a[n_] := (s = 0; Do[s += permcount[p]*2^edges[p], {p, IntegerPartitions[n]} ]; s/n!);	[1, 1, 3, 16, 218, 9608, 1540944, 882033440, 1793359192848, 13027956824399552, 341260431952972580352, 32522909385055886111197440, 11366745430825400574433894004224, 14669085692712929869037096075316220928, 70315656615234999521385506555979904091217920]
A000276	nn=25;a=Log[1/(1-x)]-x;Drop[Range[0,nn]!CoefficientList[Series[a^2/2,{x,0,nn}],x],4]  (* _Geoffrey Critzer_, Nov 03 2012 *)	[3, 20, 130, 924, 7308, 64224, 623376, 6636960, 76998240, 967524480, 13096736640, 190060335360, 2944310342400, 48503818137600, 846795372595200, 15618926924697600, 303517672703078400, 6198400928176128000, 132720966600284160000, 2973385109386137600000]
A000279	f[n_] := HypergeometricPFQ[{-n, -n, -n}, {1, 1}, -1]; a[n_] := n^2*(f[n]+4*f[n-1])/(n+1); Array[a, 20] (* _Jean-François Alcover_, Mar 11 2014, after _Mark van Hoeij_ *)	[3, 24, 216, 1824, 15150, 124416, 1014888, 8241792, 66724398, 538990800, 4346692680, 35009591040, 281699380560, 2264868936960, 18198009147600, 146142982814208, 1173123636533454, 9413509300965936, 75513633110271264, 605598295606296000, 4855626127979443908, 38924245740546950784]
A000291	max = 40; col = 2; s1 = Series[Product[1/(1-x^(n-k)*y^k), {n, 1, max+2}, {k, 0, n}], {y, 0, col}] // Normal; s2 = Series[s1, {x, 0, max+1}]; a[n_] := SeriesCoefficient[s2, {x, 0, n}, {y, 0, col}]; Table[ a[n] , {n, 0, max}] (* _Jean-François Alcover_, Mar 13 2014 *)	[2, 4, 9, 16, 29, 47, 77, 118, 181, 267, 392, 560, 797, 1111, 1541, 2106, 2863, 3846, 5142, 6808, 8973, 11733, 15275, 19753, 25443, 32582, 41569, 52770, 66757, 84078, 105555, 131995, 164566, 204450, 253292, 312799, 385285, 473183, 579722, 708353, 863553]
A000292	Accumulate[Accumulate[Range[0, 50]]] (* _Harvey P. Dale_, Dec 10 2011 *)	[0, 1, 4, 10, 20, 35, 56, 84, 120, 165, 220, 286, 364, 455, 560, 680, 816, 969, 1140, 1330, 1540, 1771, 2024, 2300, 2600, 2925, 3276, 3654, 4060, 4495, 4960, 5456, 5984, 6545, 7140, 7770, 8436, 9139, 9880, 10660, 11480, 12341, 13244, 14190, 15180]
A000294	a[0] = 1; a[n_] := a[n] = 1/(2*n)*Sum[(DivisorSigma[2, k]+DivisorSigma[3, k])*a[n-k], {k, 1, n}]; Table[a[n], {n, 0, 40}] (* _Jean-François Alcover_, Mar 05 2014, after _Vladeta Jovovic_ *)	[1, 1, 4, 10, 26, 59, 141, 310, 692, 1483, 3162, 6583, 13602, 27613, 55579, 110445, 217554, 424148, 820294, 1572647, 2992892, 5652954, 10605608, 19765082, 36609945, 67405569, 123412204, 224728451, 407119735, 733878402, 1316631730, 2351322765, 4180714647, 7401898452, 13051476707, 22922301583, 40105025130, 69909106888, 121427077241, 210179991927, 362583131144]
A000296	nn = 25; Range[0, nn]! CoefficientList[Series[Exp[Exp[x] - 1 - x], {x, 0, nn}], x]	[1, 0, 1, 1, 4, 11, 41, 162, 715, 3425, 17722, 98253, 580317, 3633280, 24011157, 166888165, 1216070380, 9264071767, 73600798037, 608476008122, 5224266196935, 46499892038437, 428369924118314, 4078345814329009, 40073660040755337, 405885209254049952, 4232705122975949401]
